id,first_name,last_name,email,gender,ip_address,domain
1,Zebulon,Sheara,zsheara0@buzzfeed.com,Male,26.254.115.173,buzzfeed.com
2,Gabby,Hundy,ghundy1@dyndns.org,Male,86.222.142.186,dyndns.org
3,Zaneta,Macewan,zmacewan2@dyndns.org,Female,20.98.185.65,dyndns.org
4,Linn,Steely,lsteely3@psu.edu,Male,65.253.237.106,psu.edu
5,Althea,Segar,asegar4@prlog.org,Female,25.127.235.34,prlog.org
6,Poppy,Kinnard,pkinnard5@mozilla.org,Female,246.66.172.88,mozilla.org
7,Tanhya,Allabarton,tallabarton6@eepurl.com,Female,71.244.198.196,eepurl.com
8,Anetta,Herety,aherety7@github.io,Female,40.45.249.248,github.io
9,Kaile,Clementson,kclementson8@rediff.com,Female,147.21.239.61,rediff.com
10,Blanche,Akehurst,bakehurst9@newsvine.com,Female,219.148.148.134,newsvine.com
11,Melosa,Boneham,mbonehama@quantcast.com,Female,176.120.71.216,quantcast.com
12,Deina,Frisdick,dfrisdickb@bbc.co.uk,Female,146.176.89.94,bbc.co.uk
13,Conrad,Ceillier,cceillierc@squarespace.com,Male,77.176.126.146,squarespace.com
14,Nev,Lavies,nlaviesd@si.edu,Male,21.101.254.200,si.edu
15,Hyacinth,Keuntje,hkeuntjee@about.com,Female,226.2.36.254,about.com
16,Mamie,Wainwright,mwainwrightf@studiopress.com,Female,163.100.199.174,studiopress.com
17,Humfried,Ohanessian,hohanessiang@wufoo.com,Male,16.207.33.214,wufoo.com
18,Terence,Willans,twillansh@cornell.edu,Male,62.154.238.220,cornell.edu
19,Auria,Barnwall,abarnwalli@jiathis.com,Female,226.19.92.82,jiathis.com
20,Donal,Cosgrove,dcosgrovej@walmart.com,Male,234.120.141.220,walmart.com
21,Abbott,Cumberledge,acumberledgek@aboutads.info,Male,8.228.130.210,aboutads.info
22,North,Egre,negrel@simplemachines.org,Non-binary,234.233.47.238,simplemachines.org
23,Chariot,Bayns,cbaynsm@flavors.me,Male,39.215.54.137,flavors.me
24,Maurice,Patchett,mpatchettn@hostgator.com,Male,81.7.158.118,hostgator.com
25,Sterling,Cheke,schekeo@baidu.com,Polygender,55.50.211.191,baidu.com
26,Ysabel,Aitchinson,yaitchinsonp@woothemes.com,Female,162.207.227.183,woothemes.com
27,Nanon,Lamblin,nlamblinq@networksolutions.com,Female,52.234.189.243,networksolutions.com
28,Barnabe,Dutteridge,bdutteridger@redcross.org,Male,180.29.243.79,redcross.org
29,Ximenes,Pfaffe,xpfaffes@globo.com,Agender,251.138.172.227,globo.com
30,Reynard,Breeton,rbreetont@nhs.uk,Male,35.207.155.210,nhs.uk
31,Gnni,Steers,gsteersu@sogou.com,Female,228.222.92.212,sogou.com
32,Dur,Wonham,dwonhamv@berkeley.edu,Male,52.114.246.28,berkeley.edu
33,Christye,Eckford,ceckfordw@fotki.com,Female,149.129.226.216,fotki.com
34,Juliet,Matias,jmatiasx@sitemeter.com,Female,192.224.41.31,sitemeter.com
35,Lucas,Huske,lhuskey@ifeng.com,Male,30.57.91.208,ifeng.com
36,Ronnie,Fairbourne,rfairbournez@bloglovin.com,Female,62.114.65.21,bloglovin.com
37,Garnette,Treleven,gtreleven10@google.com.hk,Female,62.144.177.5,google.com.hk
38,Rahal,Polly,rpolly11@soup.io,Female,74.143.141.169,soup.io
39,Cindee,Offell,coffell12@vkontakte.ru,Female,71.189.253.211,vkontakte.ru
40,Hedwiga,Bonder,hbonder13@accuweather.com,Female,82.254.103.38,accuweather.com
41,Janeta,Rusted,jrusted14@springer.com,Female,101.134.9.209,springer.com
42,Theodosia,De Maine,tdemaine15@npr.org,Genderqueer,17.88.42.69,npr.org
43,Anne-corinne,Blythin,ablythin16@addtoany.com,Female,249.46.95.94,addtoany.com
44,Camey,Ormiston,cormiston17@dailymotion.com,Male,73.246.189.16,dailymotion.com
45,Marijo,Sandhill,msandhill18@sciencedirect.com,Female,153.194.23.12,sciencedirect.com
46,Claire,Streater,cstreater19@wikia.com,Male,76.21.21.125,wikia.com
47,Nealon,Coudray,ncoudray1a@apache.org,Male,166.132.75.136,apache.org
48,Oren,Tranfield,otranfield1b@youku.com,Male,80.79.187.93,youku.com
49,Rufus,Bhar,rbhar1c@toplist.cz,Male,238.10.230.21,toplist.cz
50,Nickie,Enga,nenga1d@tmall.com,Female,186.167.117.158,tmall.com
51,Jewel,Sunnex,jsunnex1e@blinklist.com,Polygender,119.92.71.72,blinklist.com
52,Oliver,Hamsher,ohamsher1f@phoca.cz,Male,109.43.192.106,phoca.cz
53,Jackie,D'Aulby,jdaulby1g@abc.net.au,Female,152.246.33.218,abc.net.au
54,Ber,Hallt,bhallt1h@indiegogo.com,Male,101.85.3.1,indiegogo.com
55,Josiah,Minchi,jminchi1i@istockphoto.com,Male,64.72.191.40,istockphoto.com
56,Boycie,Fitzpatrick,bfitzpatrick1j@sbwire.com,Male,166.144.218.192,sbwire.com
57,Yelena,Andreutti,yandreutti1k@economist.com,Female,100.165.189.142,economist.com
58,Ruby,Paoli,rpaoli1l@usatoday.com,Male,245.150.212.84,usatoday.com
59,Addy,Nafziger,anafziger1m@netlog.com,Genderfluid,86.214.206.214,netlog.com
60,Jaymie,Shillabeare,jshillabeare1n@blogspot.com,Male,253.184.59.213,blogspot.com
61,Gamaliel,Landon,glandon1o@drupal.org,Male,68.33.177.41,drupal.org
62,Muire,Drillot,mdrillot1p@harvard.edu,Female,226.167.130.232,harvard.edu
63,Nichole,Barroux,nbarroux1q@ow.ly,Male,6.243.178.193,ow.ly
64,Inesita,Nisbet,inisbet1r@usgs.gov,Female,150.33.109.97,usgs.gov
65,Filippa,de Chastelain,fdechastelain1s@mlb.com,Female,41.209.144.210,mlb.com
66,Rudyard,Forcade,rforcade1t@answers.com,Male,132.42.76.63,answers.com
67,Manolo,Seller,mseller1u@instagram.com,Male,209.185.222.139,instagram.com
68,Lucilia,Beamiss,lbeamiss1v@uiuc.edu,Female,247.62.59.180,uiuc.edu
69,Hadria,Edy,hedy1w@a8.net,Female,127.174.129.156,a8.net
70,Cosmo,Brodeur,cbrodeur1x@stanford.edu,Male,66.159.50.29,stanford.edu
71,Aggi,Umpleby,aumpleby1y@columbia.edu,Female,120.248.89.201,columbia.edu
72,Emmalynne,Targe,etarge1z@devhub.com,Female,120.234.111.209,devhub.com
73,Cirilo,Connold,cconnold20@tiny.cc,Male,110.221.94.3,tiny.cc
74,Angelle,Drinkhill,adrinkhill21@irs.gov,Female,174.212.14.71,irs.gov
75,Quinn,Weaben,qweaben22@dropbox.com,Female,94.175.27.240,dropbox.com
76,Nicholas,Kennford,nkennford23@latimes.com,Male,142.99.110.202,latimes.com
77,Kippy,Ashwell,kashwell24@usatoday.com,Female,7.170.65.48,usatoday.com
78,Perla,Hart,phart25@wp.com,Female,249.198.66.66,wp.com
79,Allegra,Ditchett,aditchett26@is.gd,Female,98.30.248.212,is.gd
80,Patti,Seefeldt,pseefeldt27@sitemeter.com,Female,245.179.145.166,sitemeter.com
81,Delmer,Franzelini,dfranzelini28@themeforest.net,Male,18.27.43.113,themeforest.net
82,Teodorico,Kinnard,tkinnard29@barnesandnoble.com,Male,214.82.63.160,barnesandnoble.com
83,Lester,Silk,lsilk2a@jalbum.net,Male,250.204.68.29,jalbum.net
84,Niccolo,McCart,nmccart2b@ow.ly,Polygender,36.35.191.140,ow.ly
85,Casar,Brecken,cbrecken2c@yale.edu,Male,31.5.169.73,yale.edu
86,Yelena,Harverson,yharverson2d@home.pl,Female,59.1.58.160,home.pl
87,Christiano,Dooly,cdooly2e@mac.com,Male,126.43.234.176,mac.com
88,Drusi,Abeles,dabeles2f@over-blog.com,Bigender,132.103.174.67,over-blog.com
89,Hermie,Dureden,hdureden2g@biblegateway.com,Male,194.47.247.208,biblegateway.com
90,Zondra,Spinelli,zspinelli2h@google.it,Female,113.213.158.99,google.it
91,Harli,Quixley,hquixley2i@technorati.com,Female,155.15.204.3,technorati.com
92,Sara-ann,Liverseege,sliverseege2j@usgs.gov,Female,22.30.235.12,usgs.gov
93,Gerry,Lambricht,glambricht2k@craigslist.org,Bigender,55.208.102.131,craigslist.org
94,Dorothee,Kettley,dkettley2l@clickbank.net,Female,46.116.227.203,clickbank.net
95,Thalia,McLise,tmclise2m@accuweather.com,Female,56.166.86.102,accuweather.com
96,Jethro,Innerstone,jinnerstone2n@addtoany.com,Male,23.149.215.229,addtoany.com
97,Chadd,Cunnah,ccunnah2o@edublogs.org,Male,114.155.171.136,edublogs.org
98,Fredric,Reuble,freuble2p@de.vu,Male,205.1.248.201,de.vu
99,Chiarra,Mariaud,cmariaud2q@princeton.edu,Female,141.214.46.137,princeton.edu
100,Torrie,Towsie,ttowsie2r@cisco.com,Female,127.168.61.118,cisco.com
101,Wilmette,Menilove,wmenilove2s@sitemeter.com,Female,193.93.126.101,sitemeter.com
102,Werner,O'Clery,woclery2t@irs.gov,Genderqueer,235.16.21.61,irs.gov
103,Yves,Piggens,ypiggens2u@slate.com,Male,20.213.96.74,slate.com
104,D'arcy,Forde,dforde2v@dot.gov,Male,199.57.68.175,dot.gov
105,Nicolina,Blackham,nblackham2w@php.net,Female,199.103.189.139,php.net
106,Wren,Coverdale,wcoverdale2x@rambler.ru,Female,254.91.6.238,rambler.ru
107,Tadio,Happs,thapps2y@un.org,Male,62.250.76.222,un.org
108,Caryl,Govan,cgovan2z@buzzfeed.com,Male,156.195.12.91,buzzfeed.com
109,Samuel,Baden,sbaden30@mac.com,Male,99.121.106.152,mac.com
110,Buffy,Bilton,bbilton31@foxnews.com,Female,188.21.233.66,foxnews.com
111,Mureil,Espinazo,mespinazo32@github.com,Female,35.98.72.144,github.com
112,Ula,St. Louis,ustlouis33@un.org,Female,14.159.106.75,un.org
113,Thayne,Moorcraft,tmoorcraft34@nih.gov,Male,204.248.242.186,nih.gov
114,Bink,Riley,briley35@dot.gov,Male,6.98.226.183,dot.gov
115,Brooks,Crowther,bcrowther36@un.org,Male,209.72.151.231,un.org
116,Devlen,Blanc,dblanc37@barnesandnoble.com,Male,221.225.115.135,barnesandnoble.com
117,Lane,Weiser,lweiser38@tripod.com,Male,133.8.197.86,tripod.com
118,Janessa,Hellwing,jhellwing39@digg.com,Female,152.225.112.80,digg.com
119,Rachele,Neate,rneate3a@zdnet.com,Female,2.53.33.178,zdnet.com
120,Magda,McKinney,mmckinney3b@networkadvertising.org,Female,214.161.198.174,networkadvertising.org
121,Conney,Jeacock,cjeacock3c@ustream.tv,Male,33.30.24.197,ustream.tv
122,Shaylah,Stouther,sstouther3d@newyorker.com,Female,5.50.235.144,newyorker.com
123,Garner,Deyes,gdeyes3e@icio.us,Male,81.156.49.61,icio.us
124,Maitilde,Sackur,msackur3f@mayoclinic.com,Non-binary,85.161.230.12,mayoclinic.com
125,Drud,Rigate,drigate3g@goo.ne.jp,Male,138.64.140.169,goo.ne.jp
126,Tom,Espinay,tespinay3h@qq.com,Male,184.16.185.162,qq.com
127,Glen,Skeggs,gskeggs3i@berkeley.edu,Female,209.199.67.173,berkeley.edu
128,Ardene,Assard,aassard3j@loc.gov,Female,68.14.247.15,loc.gov
129,Ara,Labdon,alabdon3k@google.com.hk,Male,109.57.204.223,google.com.hk
130,Dare,Osler,dosler3l@chicagotribune.com,Male,146.43.82.133,chicagotribune.com
131,Brietta,Fuente,bfuente3m@japanpost.jp,Female,115.70.144.128,japanpost.jp
132,Marcie,Bridel,mbridel3n@sbwire.com,Female,207.29.244.148,sbwire.com
133,Maximilien,Louder,mlouder3o@japanpost.jp,Polygender,35.249.94.53,japanpost.jp
134,Omar,Crawforth,ocrawforth3p@netlog.com,Male,116.233.61.62,netlog.com
135,Star,Bellsham,sbellsham3q@slate.com,Female,220.135.132.219,slate.com
136,Karrie,Broose,kbroose3r@cbsnews.com,Female,159.110.83.179,cbsnews.com
137,Tessie,Folds,tfolds3s@nps.gov,Female,103.57.223.194,nps.gov
138,Jens,Wayman,jwayman3t@scribd.com,Male,220.116.138.129,scribd.com
139,Suzette,Canet,scanet3u@google.co.jp,Female,150.249.63.204,google.co.jp
140,Dale,Barnhill,dbarnhill3v@guardian.co.uk,Female,20.150.222.180,guardian.co.uk
141,Thurstan,Rembrandt,trembrandt3w@loc.gov,Male,59.190.100.119,loc.gov
142,Hendrika,Cowlishaw,hcowlishaw3x@amazonaws.com,Female,55.183.171.226,amazonaws.com
143,Raffarty,Rudderham,rrudderham3y@networksolutions.com,Male,39.204.34.93,networksolutions.com
144,Jeni,Curreen,jcurreen3z@gmpg.org,Female,102.17.181.103,gmpg.org
145,Chrysler,Hadleigh,chadleigh40@reddit.com,Female,25.19.240.175,reddit.com
146,Vonni,Crosland,vcrosland41@wikipedia.org,Female,99.37.78.221,wikipedia.org
147,Berky,Illingworth,billingworth42@csmonitor.com,Male,148.228.252.0,csmonitor.com
148,Weider,Izakovitz,wizakovitz43@angelfire.com,Male,37.30.169.42,angelfire.com
149,Anselm,OIlier,aoilier44@simplemachines.org,Male,195.230.115.32,simplemachines.org
150,Wilbert,Cushelly,wcushelly45@w3.org,Male,29.68.226.235,w3.org
151,Dolorita,Tratton,dtratton46@g.co,Female,46.202.241.132,g.co
152,Keene,Arber,karber47@zimbio.com,Male,42.234.251.117,zimbio.com
153,Lindsey,Muncey,lmuncey48@github.com,Female,175.131.95.66,github.com
154,Eric,Eim,eeim49@addtoany.com,Male,76.107.176.134,addtoany.com
155,Sibylle,Starton,sstarton4a@virginia.edu,Genderfluid,237.69.107.218,virginia.edu
156,Ignatius,de Guerre,ideguerre4b@yale.edu,Male,55.121.228.80,yale.edu
157,Ailyn,Leeuwerink,aleeuwerink4c@psu.edu,Female,209.245.208.107,psu.edu
158,Friedrick,Ashard,fashard4d@smugmug.com,Male,223.86.44.87,smugmug.com
159,Theodora,Skellorne,tskellorne4e@typepad.com,Female,255.216.219.75,typepad.com
160,Oberon,Ivashintsov,oivashintsov4f@pen.io,Male,132.235.120.110,pen.io
161,Rickard,Baline,rbaline4g@icio.us,Male,65.155.93.172,icio.us
162,Kerry,Abdie,kabdie4h@xing.com,Female,34.241.48.83,xing.com
163,Jacinthe,Matussevich,jmatussevich4i@gravatar.com,Non-binary,62.36.106.183,gravatar.com
164,Colas,Chetwynd,cchetwynd4j@adobe.com,Male,167.207.184.16,adobe.com
165,Tome,Cheal,tcheal4k@oaic.gov.au,Male,158.238.234.100,oaic.gov.au
166,Lindon,Cunniff,lcunniff4l@unc.edu,Male,16.233.243.1,unc.edu
167,Cathryn,Ace,cace4m@g.co,Female,236.100.211.138,g.co
168,Kim,Leicester,kleicester4n@google.com.br,Female,31.190.187.209,google.com.br
169,Greer,Dalziell,gdalziell4o@biglobe.ne.jp,Female,87.133.244.129,biglobe.ne.jp
170,Benedetta,Alastair,balastair4p@photobucket.com,Female,135.84.149.232,photobucket.com
171,Merline,Kefford,mkefford4q@myspace.com,Female,220.93.119.134,myspace.com
172,Averill,Redwing,aredwing4r@java.com,Male,38.117.214.104,java.com
173,Zelma,Cooke,zcooke4s@ucsd.edu,Female,45.206.19.128,ucsd.edu
174,Madison,Firpo,mfirpo4t@state.tx.us,Male,0.45.178.213,state.tx.us
175,Sebastien,Peirazzi,speirazzi4u@apache.org,Male,57.108.173.48,apache.org
176,Remy,Christian,rchristian4v@addtoany.com,Female,175.198.160.222,addtoany.com
177,Harlene,Wanklyn,hwanklyn4w@cbc.ca,Female,98.131.70.59,cbc.ca
178,Ambrosi,Tomasicchio,atomasicchio4x@naver.com,Male,190.67.24.54,naver.com
179,Beatriz,Kolushev,bkolushev4y@blog.com,Female,136.221.35.95,blog.com
180,Averill,Kornilyev,akornilyev4z@rambler.ru,Male,177.28.23.153,rambler.ru
181,Morten,Bartolomieu,mbartolomieu50@hubpages.com,Male,52.118.60.170,hubpages.com
182,Rustin,Mullen,rmullen51@simplemachines.org,Male,185.216.64.1,simplemachines.org
183,Carr,Dietmar,cdietmar52@merriam-webster.com,Male,157.143.198.147,merriam-webster.com
184,Susan,Bownass,sbownass53@freewebs.com,Female,17.83.36.244,freewebs.com
185,Alfreda,Dulson,adulson54@csmonitor.com,Female,112.101.197.105,csmonitor.com
186,Kerr,Tinson,ktinson55@istockphoto.com,Male,15.125.198.96,istockphoto.com
187,Lonnie,Junkinson,ljunkinson56@bizjournals.com,Male,64.201.235.46,bizjournals.com
188,Novelia,Ucchino,nucchino57@chicagotribune.com,Female,109.101.108.237,chicagotribune.com
189,Somerset,Clapham,sclapham58@state.gov,Male,196.177.167.152,state.gov
190,Gill,Quene,gquene59@discuz.net,Male,200.220.1.205,discuz.net
191,Aubrette,Foston,afoston5a@skyrock.com,Agender,166.81.95.159,skyrock.com
192,Tadeas,Crisall,tcrisall5b@bigcartel.com,Male,16.209.123.24,bigcartel.com
193,Lulu,Pretsell,lpretsell5c@linkedin.com,Female,183.110.210.102,linkedin.com
194,Samuele,January,sjanuary5d@accuweather.com,Male,184.124.148.169,accuweather.com
195,Judye,Carlisso,jcarlisso5e@msn.com,Female,164.36.177.202,msn.com
196,Stella,McIlory,smcilory5f@statcounter.com,Female,192.156.198.222,statcounter.com
197,Jodie,Klampt,jklampt5g@themeforest.net,Male,169.149.112.192,themeforest.net
198,Rochelle,Cordel,rcordel5h@yandex.ru,Female,96.78.32.223,yandex.ru
199,Nance,Knibbs,nknibbs5i@utexas.edu,Female,110.87.57.170,utexas.edu
200,Idalina,Solman,isolman5j@linkedin.com,Female,150.45.98.142,linkedin.com
201,Waneta,Oliva,woliva5k@omniture.com,Female,59.56.216.200,omniture.com
202,Blondelle,Vogele,bvogele5l@spotify.com,Genderqueer,140.61.211.108,spotify.com
203,Hyman,Ateridge,hateridge5m@theatlantic.com,Male,41.204.196.104,theatlantic.com
204,Chrotoem,Luffman,cluffman5n@acquirethisname.com,Male,188.135.239.217,acquirethisname.com
205,Tabor,Maisey,tmaisey5o@bloglovin.com,Male,247.102.56.19,bloglovin.com
206,Hannie,Doel,hdoel5p@cloudflare.com,Female,44.208.201.250,cloudflare.com
207,Delbert,McMenamy,dmcmenamy5q@com.com,Male,217.70.145.49,com.com
208,Roxanna,Cocozza,rcocozza5r@soup.io,Female,27.241.128.228,soup.io
209,Mellicent,Bradtke,mbradtke5s@nsw.gov.au,Female,85.110.8.25,nsw.gov.au
210,Lyndell,Loxdale,lloxdale5t@hp.com,Female,183.241.254.121,hp.com
211,Cody,Downie,cdownie5u@hud.gov,Bigender,139.48.22.8,hud.gov
212,Aurea,Blackshaw,ablackshaw5v@marketwatch.com,Female,88.212.63.0,marketwatch.com
213,Steve,Whardley,swhardley5w@hp.com,Male,23.201.197.106,hp.com
214,Garik,Bulcroft,gbulcroft5x@godaddy.com,Male,156.186.92.94,godaddy.com
215,Eolanda,Garbett,egarbett5y@about.me,Female,163.62.157.48,about.me
216,Gianina,Winslow,gwinslow5z@nhs.uk,Female,103.246.187.122,nhs.uk
217,Lacey,Cossem,lcossem60@csmonitor.com,Female,220.28.61.216,csmonitor.com
218,Elisa,Buckley,ebuckley61@microsoft.com,Genderqueer,183.0.71.41,microsoft.com
219,Nonnah,Beyne,nbeyne62@jugem.jp,Female,208.187.215.172,jugem.jp
220,Nixie,Skillman,nskillman63@salon.com,Female,222.96.101.207,salon.com
221,Isabelle,Thairs,ithairs64@oakley.com,Female,146.103.172.155,oakley.com
222,Hermie,Jurisch,hjurisch65@imdb.com,Male,190.223.60.199,imdb.com
223,Francene,Vasyutichev,fvasyutichev66@patch.com,Agender,91.115.139.87,patch.com
224,Valery,Yesenev,vyesenev67@ft.com,Female,247.234.96.53,ft.com
225,Kenna,Levermore,klevermore68@shareasale.com,Female,81.202.60.249,shareasale.com
226,Zach,Blyden,zblyden69@ed.gov,Male,84.194.210.20,ed.gov
227,Audi,Archell,aarchell6a@desdev.cn,Female,119.113.130.42,desdev.cn
228,Auberon,Satcher,asatcher6b@linkedin.com,Male,140.214.22.147,linkedin.com
229,Mendel,Ziemsen,mziemsen6c@china.com.cn,Male,152.236.203.154,china.com.cn
230,Elden,McCole,emccole6d@yandex.ru,Male,32.32.99.80,yandex.ru
231,Tuesday,Stanyforth,tstanyforth6e@house.gov,Female,240.224.111.59,house.gov
232,Trstram,Petrollo,tpetrollo6f@elpais.com,Polygender,58.2.225.251,elpais.com
233,Beatrix,Gullane,bgullane6g@shinystat.com,Female,197.101.188.213,shinystat.com
234,Janeva,Newing,jnewing6h@guardian.co.uk,Female,188.144.172.89,guardian.co.uk
235,Maridel,Kinvig,mkinvig6i@yahoo.co.jp,Female,66.240.9.229,yahoo.co.jp
236,Debor,De Roos,dderoos6j@1und1.de,Female,235.149.136.144,1und1.de
237,Shaun,Standell,sstandell6k@tripod.com,Male,97.1.59.117,tripod.com
238,Blake,Ecclesall,becclesall6l@gov.uk,Male,155.151.118.207,gov.uk
239,Aubine,Garbert,agarbert6m@rediff.com,Female,150.85.67.243,rediff.com
240,Patrice,Schaffel,pschaffel6n@wired.com,Male,1.232.74.84,wired.com
241,Dagny,Glaze,dglaze6o@people.com.cn,Male,45.43.33.66,people.com.cn
242,Suzi,Railton,srailton6p@nifty.com,Female,105.156.254.168,nifty.com
243,Tedie,Raith,traith6q@sourceforge.net,Male,222.71.183.53,sourceforge.net
244,Thebault,Garriock,tgarriock6r@google.com.au,Male,206.86.179.47,google.com.au
245,Gilda,Jamme,gjamme6s@indiegogo.com,Genderqueer,20.19.150.142,indiegogo.com
246,Eve,Perillio,eperillio6t@smh.com.au,Female,215.217.137.117,smh.com.au
247,Idelle,McMeyler,imcmeyler6u@bravesites.com,Non-binary,228.83.108.153,bravesites.com
248,Eleanor,Greir,egreir6v@google.nl,Female,84.75.211.218,google.nl
249,Adriane,Henker,ahenker6w@google.co.uk,Polygender,115.252.15.156,google.co.uk
250,Lu,Slogrove,lslogrove6x@cnet.com,Female,132.43.93.31,cnet.com
251,Bernadette,Roggero,broggero6y@histats.com,Female,132.58.135.244,histats.com
252,Phylys,Thewles,pthewles6z@state.gov,Female,89.238.49.34,state.gov
253,Artur,O'Sherrin,aosherrin70@sphinn.com,Polygender,142.41.8.204,sphinn.com
254,Brand,Haibel,bhaibel71@census.gov,Male,98.239.51.102,census.gov
255,Babette,Francklyn,bfrancklyn72@goodreads.com,Female,201.198.173.162,goodreads.com
256,Mollie,Longcake,mlongcake73@a8.net,Female,9.87.214.224,a8.net
257,Mikey,Summersby,msummersby74@123-reg.co.uk,Male,176.185.119.206,123-reg.co.uk
258,Fransisco,Fortye,ffortye75@cdc.gov,Male,9.122.156.16,cdc.gov
259,Joleen,Cufflin,jcufflin76@exblog.jp,Female,199.43.195.233,exblog.jp
260,Thoma,Paddie,tpaddie77@deliciousdays.com,Male,41.53.221.180,deliciousdays.com
261,Gilligan,Drinkhill,gdrinkhill78@usgs.gov,Female,19.168.91.74,usgs.gov
262,Nilson,Cestard,ncestard79@ucoz.ru,Male,210.178.55.228,ucoz.ru
263,Glendon,Rau,grau7a@symantec.com,Male,89.7.212.69,symantec.com
264,Mitch,Dehm,mdehm7b@booking.com,Male,128.34.134.50,booking.com
265,Eadith,Marden,emarden7c@alibaba.com,Female,131.163.79.90,alibaba.com
266,Mortie,Spalton,mspalton7d@sun.com,Male,172.243.214.64,sun.com
267,Reggy,Beddo,rbeddo7e@constantcontact.com,Male,118.142.4.167,constantcontact.com
268,Ralph,Kurth,rkurth7f@netscape.com,Male,246.203.110.234,netscape.com
269,Iolande,Cooksey,icooksey7g@webeden.co.uk,Female,158.33.162.88,webeden.co.uk
270,Kilian,Faulkner,kfaulkner7h@hao123.com,Male,234.253.161.105,hao123.com
271,Innis,Chad,ichad7i@usda.gov,Male,42.246.66.14,usda.gov
272,Sandye,Rosedale,srosedale7j@dailymotion.com,Female,105.109.20.75,dailymotion.com
273,Nolan,Lillford,nlillford7k@microsoft.com,Male,55.128.91.170,microsoft.com
274,Mala,Maffey,mmaffey7l@networksolutions.com,Female,45.41.223.20,networksolutions.com
275,Rozamond,McNellis,rmcnellis7m@time.com,Female,88.146.226.227,time.com
276,Farrell,Donovin,fdonovin7n@dedecms.com,Bigender,88.70.244.102,dedecms.com
277,Peyton,Ranvoise,pranvoise7o@netscape.com,Male,29.22.23.76,netscape.com
278,Kare,Bruhnsen,kbruhnsen7p@gmpg.org,Female,35.147.108.46,gmpg.org
279,Sharon,Heaford,sheaford7q@go.com,Female,95.199.136.150,go.com
280,Berkley,Vasey,bvasey7r@example.com,Male,119.241.108.248,example.com
281,Kerrill,Agott,kagott7s@dailymail.co.uk,Female,61.99.239.219,dailymail.co.uk
282,Wendy,Eddolls,weddolls7t@oracle.com,Female,96.112.30.2,oracle.com
283,Petey,Dommerque,pdommerque7u@deliciousdays.com,Male,204.163.178.202,deliciousdays.com
284,Kelwin,Mattocks,kmattocks7v@pagesperso-orange.fr,Male,198.160.173.91,pagesperso-orange.fr
285,Cathie,Mahood,cmahood7w@flickr.com,Female,169.218.130.225,flickr.com
286,Marcello,Borkett,mborkett7x@storify.com,Male,15.148.42.204,storify.com
287,Natty,Jakubowicz,njakubowicz7y@oaic.gov.au,Male,77.22.3.33,oaic.gov.au
288,Rubia,Killwick,rkillwick7z@ow.ly,Female,182.204.44.148,ow.ly
289,Kara-lynn,Kippins,kkippins80@drupal.org,Female,138.75.168.31,drupal.org
290,Gard,Reiner,greiner81@wikimedia.org,Male,225.84.53.154,wikimedia.org
291,Lynnea,Huntall,lhuntall82@simplemachines.org,Female,85.33.173.226,simplemachines.org
292,Raquela,Lettuce,rlettuce83@angelfire.com,Female,108.93.162.24,angelfire.com
293,Lenard,Arbuckel,larbuckel84@google.nl,Male,241.250.113.169,google.nl
294,Martynne,Ordelt,mordelt85@google.co.jp,Female,228.197.36.244,google.co.jp
295,Albertine,Ambrose,aambrose86@theatlantic.com,Female,63.199.138.64,theatlantic.com
296,Leilah,Kittman,lkittman87@salon.com,Female,15.200.163.93,salon.com
297,Camella,Joan,cjoan88@nps.gov,Female,138.178.234.136,nps.gov
298,Virgina,Kelso,vkelso89@ucla.edu,Female,91.173.94.14,ucla.edu
299,Tania,Pagon,tpagon8a@dailymotion.com,Female,170.226.176.56,dailymotion.com
300,Madelene,Rowan,mrowan8b@cnet.com,Female,220.175.81.59,cnet.com
301,Veronike,Edginton,vedginton8c@rakuten.co.jp,Female,146.247.251.99,rakuten.co.jp
302,Kala,Varnes,kvarnes8d@multiply.com,Female,110.161.118.63,multiply.com
303,Oby,Alkins,oalkins8e@people.com.cn,Male,202.51.86.138,people.com.cn
304,Brittaney,Arnow,barnow8f@theglobeandmail.com,Female,179.160.154.102,theglobeandmail.com
305,Adrianne,Papen,apapen8g@bloglines.com,Female,100.90.192.10,bloglines.com
306,Taber,Boxell,tboxell8h@t-online.de,Male,31.126.161.49,t-online.de
307,Sayre,Tomney,stomney8i@nih.gov,Female,103.65.224.1,nih.gov
308,Ellwood,Dreschler,edreschler8j@cargocollective.com,Male,212.157.79.115,cargocollective.com
309,Stanwood,Clarridge,sclarridge8k@spotify.com,Male,176.115.65.119,spotify.com
310,Teressa,Chatwood,tchatwood8l@jalbum.net,Female,227.134.169.37,jalbum.net
311,Loreen,Cosgrove,lcosgrove8m@tamu.edu,Female,27.111.12.52,tamu.edu
312,Devonne,Flahive,dflahive8n@ycombinator.com,Female,113.51.14.255,ycombinator.com
313,Delaney,Castillon,dcastillon8o@weather.com,Male,105.236.83.225,weather.com
314,Spike,Sanz,ssanz8p@nba.com,Male,101.128.98.76,nba.com
315,Laurella,Willcot,lwillcot8q@home.pl,Female,0.224.198.213,home.pl
316,Clarke,Rearden,crearden8r@twitter.com,Male,173.66.97.123,twitter.com
317,Lanie,Mughal,lmughal8s@wix.com,Male,225.174.24.112,wix.com
318,Bryon,Chason,bchason8t@marriott.com,Male,29.125.79.226,marriott.com
319,Dino,Akett,dakett8u@reference.com,Male,250.222.59.61,reference.com
320,Vevay,Szapiro,vszapiro8v@e-recht24.de,Female,180.99.36.40,e-recht24.de
321,Dalenna,Adey,dadey8w@homestead.com,Female,248.0.69.137,homestead.com
322,Jo-anne,Brosetti,jbrosetti8x@newsvine.com,Female,67.172.87.112,newsvine.com
323,Georgeta,Walthall,gwalthall8y@jimdo.com,Female,28.181.43.122,jimdo.com
324,Lambert,Commuzzo,lcommuzzo8z@aboutads.info,Male,128.145.130.23,aboutads.info
325,Sim,Marsay,smarsay90@ted.com,Male,30.74.242.189,ted.com
326,Vasilis,Marxsen,vmarxsen91@census.gov,Male,98.18.219.141,census.gov
327,Ingelbert,Chidler,ichidler92@usgs.gov,Male,231.104.145.27,usgs.gov
328,Garth,Raven,graven93@squarespace.com,Male,27.195.110.22,squarespace.com
329,Inglebert,Krauss,ikrauss94@gov.uk,Genderqueer,170.151.98.7,gov.uk
330,Trixi,Ridsdell,tridsdell95@omniture.com,Female,2.241.235.191,omniture.com
331,Halsy,Coskerry,hcoskerry96@nytimes.com,Male,230.71.53.59,nytimes.com
332,Judy,Knowlman,jknowlman97@g.co,Female,195.118.122.29,g.co
333,Chiarra,Dombrell,cdombrell98@oakley.com,Female,244.107.101.251,oakley.com
334,Lulita,Blanshard,lblanshard99@flickr.com,Female,50.32.132.189,flickr.com
335,Hortense,Koppens,hkoppens9a@joomla.org,Female,115.250.227.228,joomla.org
336,Kristin,Cocking,kcocking9b@nyu.edu,Female,154.184.99.96,nyu.edu
337,Jillene,Hainey`,jhainey9c@oakley.com,Female,27.10.30.68,oakley.com
338,Mathias,Smithen,msmithen9d@imgur.com,Male,38.95.250.98,imgur.com
339,Maridel,Ornillos,mornillos9e@photobucket.com,Genderfluid,62.128.100.65,photobucket.com
340,Tab,Durram,tdurram9f@feedburner.com,Male,220.82.102.38,feedburner.com
341,Des,Blackater,dblackater9g@com.com,Male,135.200.42.85,com.com
342,Enrichetta,Catto,ecatto9h@cnn.com,Female,210.122.187.218,cnn.com
343,Rozanna,Soro,rsoro9i@wikia.com,Female,137.35.255.232,wikia.com
344,Tailor,Gerholz,tgerholz9j@netlog.com,Male,82.254.149.135,netlog.com
345,Yvonne,Burnapp,yburnapp9k@businessweek.com,Female,111.132.124.55,businessweek.com
346,Gizela,Andrysek,gandrysek9l@mlb.com,Female,57.14.49.236,mlb.com
347,Johnnie,Gasnell,jgasnell9m@businessweek.com,Male,119.102.171.3,businessweek.com
348,Roseanne,Bailes,rbailes9n@zdnet.com,Female,24.20.248.213,zdnet.com
349,Joceline,Yitzovitz,jyitzovitz9o@cnbc.com,Female,153.59.188.124,cnbc.com
350,Darrel,Baumert,dbaumert9p@sina.com.cn,Male,1.246.188.56,sina.com.cn
351,Gillie,Cornils,gcornils9q@wsj.com,Female,211.179.87.211,wsj.com
352,Irvine,Giraudot,igiraudot9r@ustream.tv,Male,48.98.249.129,ustream.tv
353,Vivyanne,Suart,vsuart9s@biblegateway.com,Polygender,202.255.228.24,biblegateway.com
354,Barron,Skermer,bskermer9t@webmd.com,Male,68.194.235.64,webmd.com
355,Stevy,Halksworth,shalksworth9u@zimbio.com,Male,83.191.157.46,zimbio.com
356,Felicia,Belfelt,fbelfelt9v@skyrock.com,Female,225.127.244.120,skyrock.com
357,Hymie,Conant,hconant9w@netlog.com,Male,113.118.231.224,netlog.com
358,Ginevra,Domico,gdomico9x@skype.com,Female,233.234.101.53,skype.com
359,Danie,Reidie,dreidie9y@bbc.co.uk,Male,167.10.87.110,bbc.co.uk
360,Janetta,Guidetti,jguidetti9z@ucoz.ru,Female,38.160.99.217,ucoz.ru
361,Lorry,Duignan,lduignana0@behance.net,Female,58.219.137.164,behance.net
362,Cross,Keyden,ckeydena1@hao123.com,Genderfluid,199.12.162.112,hao123.com
363,Lacee,Sponder,lspondera2@nih.gov,Female,102.128.222.249,nih.gov
364,Fonz,Berthot,fberthota3@exblog.jp,Male,149.24.212.191,exblog.jp
365,Nady,Bruckner,nbrucknera4@noaa.gov,Female,251.44.87.110,noaa.gov
366,Maritsa,Jennions,mjennionsa5@cornell.edu,Female,182.182.164.63,cornell.edu
367,Wakefield,Cronk,wcronka6@rediff.com,Male,199.243.8.87,rediff.com
368,Sydelle,Beslier,sbesliera7@bluehost.com,Non-binary,87.32.170.233,bluehost.com
369,Tammi,Boake,tboakea8@java.com,Female,46.142.97.101,java.com
370,Bancroft,Farrance,bfarrancea9@google.ca,Male,244.73.96.248,google.ca
371,Marlane,Limb,mlimbaa@gov.uk,Female,44.114.98.41,gov.uk
372,Bernette,de Amaya,bdeamayaab@gizmodo.com,Agender,41.150.160.56,gizmodo.com
373,Stanislaus,Ainslie,sainslieac@ftc.gov,Male,217.207.44.214,ftc.gov
374,Elset,Whapple,ewhapplead@xrea.com,Female,206.240.135.219,xrea.com
375,Erskine,Callinan,ecallinanae@furl.net,Male,111.191.96.49,furl.net
376,Paten,Lawler,plawleraf@spotify.com,Male,240.212.1.34,spotify.com
377,Conni,Kersaw,ckersawag@dmoz.org,Female,118.43.226.133,dmoz.org
378,Hubert,Colthard,hcolthardah@addthis.com,Male,69.84.39.250,addthis.com
379,Lavena,Crolly,lcrollyai@youtube.com,Female,230.117.18.149,youtube.com
380,Elaine,Tillett,etillettaj@surveymonkey.com,Female,62.162.136.29,surveymonkey.com
381,Rance,Caret,rcaretak@umich.edu,Male,50.186.26.120,umich.edu
382,Myrna,Livzey,mlivzeyal@netscape.com,Female,132.211.179.49,netscape.com
383,Annamarie,Tiddy,atiddyam@arstechnica.com,Female,233.174.95.149,arstechnica.com
384,Inger,Weigh,iweighan@tripadvisor.com,Female,122.126.175.239,tripadvisor.com
385,Nollie,Stringman,nstringmanao@ibm.com,Female,140.90.6.146,ibm.com
386,Gallard,Ashforth,gashforthap@addtoany.com,Male,103.125.51.35,addtoany.com
387,Jolie,Sailor,jsailoraq@unc.edu,Female,221.159.61.31,unc.edu
388,Aloysia,Paff,apaffar@goodreads.com,Female,100.146.72.82,goodreads.com
389,Cchaddie,Pursehouse,cpursehouseas@boston.com,Male,241.116.169.137,boston.com
390,Isacco,Izzatt,iizzattat@bing.com,Male,141.222.169.13,bing.com
391,Jolyn,Candey,jcandeyau@feedburner.com,Female,121.230.202.45,feedburner.com
392,Tally,Tineman,ttinemanav@163.com,Genderfluid,1.112.203.72,163.com
393,Meredithe,Salliss,msallissaw@ft.com,Female,0.217.90.201,ft.com
394,Dagny,Deluce,ddeluceax@myspace.com,Non-binary,117.198.139.107,myspace.com
395,Humphrey,Shearsby,hshearsbyay@wired.com,Male,145.40.147.25,wired.com
396,Sean,Andrzejowski,sandrzejowskiaz@wordpress.com,Female,74.93.93.91,wordpress.com
397,Susanna,Leckey,sleckeyb0@acquirethisname.com,Non-binary,19.63.117.27,acquirethisname.com
398,Haroun,Pfeiffer,hpfeifferb1@engadget.com,Male,188.194.51.184,engadget.com
399,Willard,Barter,wbarterb2@acquirethisname.com,Male,32.141.71.12,acquirethisname.com
400,Darnell,Keuntje,dkeuntjeb3@gnu.org,Male,253.85.255.241,gnu.org
401,Morgen,Visick,mvisickb4@twitpic.com,Male,241.170.78.186,twitpic.com
402,Ned,Chant,nchantb5@mlb.com,Male,67.53.234.121,mlb.com
403,Stirling,Worms,swormsb6@toplist.cz,Male,209.4.201.6,toplist.cz
404,Roth,Loveless,rlovelessb7@homestead.com,Male,231.181.13.41,homestead.com
405,Tonie,Whitwam,twhitwamb8@abc.net.au,Female,16.250.30.56,abc.net.au
406,Mikkel,MacGilrewy,mmacgilrewyb9@vk.com,Male,57.166.5.231,vk.com
407,Sofie,Brine,sbrineba@twitter.com,Female,211.47.88.237,twitter.com
408,Tersina,Titlow,ttitlowbb@gizmodo.com,Female,190.95.76.112,gizmodo.com
409,Remy,Nannini,rnanninibc@ucoz.com,Female,213.97.81.254,ucoz.com
410,Darelle,Clurow,dclurowbd@ihg.com,Female,74.117.211.88,ihg.com
411,Trenton,Reinmar,treinmarbe@blog.com,Male,188.21.133.16,blog.com
412,Arlie,MacDonogh,amacdonoghbf@rambler.ru,Female,207.138.189.46,rambler.ru
413,Hyacinthia,Calcott,hcalcottbg@buzzfeed.com,Female,166.213.123.159,buzzfeed.com
414,Marius,Nelius,mneliusbh@weibo.com,Male,79.222.110.213,weibo.com
415,Colin,Barrick,cbarrickbi@nbcnews.com,Male,131.101.109.175,nbcnews.com
416,Kaycee,Barszczewski,kbarszczewskibj@who.int,Female,230.199.195.147,who.int
417,Virginie,Gallie,vgalliebk@netscape.com,Female,250.189.44.203,netscape.com
418,Isabeau,Triswell,itriswellbl@soup.io,Female,42.110.140.112,soup.io
419,Artemus,Bounde,aboundebm@ftc.gov,Male,68.205.255.177,ftc.gov
420,Lyndy,Stitle,lstitlebn@is.gd,Female,241.127.198.138,is.gd
421,Cissiee,Flade,cfladebo@time.com,Female,72.238.194.18,time.com
422,Tremain,Roadknight,troadknightbp@cocolog-nifty.com,Genderfluid,145.124.40.11,cocolog-nifty.com
423,Meara,Meys,mmeysbq@toplist.cz,Female,48.62.166.97,toplist.cz
424,Saxe,Adel,sadelbr@delicious.com,Male,36.23.24.190,delicious.com
425,Richmond,Dain,rdainbs@prweb.com,Male,78.88.155.16,prweb.com
426,Padraic,Anney,panneybt@netlog.com,Male,247.244.79.217,netlog.com
427,Sterling,Marchbank,smarchbankbu@clickbank.net,Male,146.160.80.32,clickbank.net
428,Sella,Cavil,scavilbv@mashable.com,Female,237.101.0.128,mashable.com
429,Tabbitha,Lemmertz,tlemmertzbw@weibo.com,Female,78.61.73.118,weibo.com
430,Zaria,Djurkovic,zdjurkovicbx@virginia.edu,Female,126.47.111.228,virginia.edu
431,Kari,Clunan,kclunanby@patch.com,Female,59.116.111.36,patch.com
432,Eugene,Graalman,egraalmanbz@joomla.org,Male,128.77.250.149,joomla.org
433,Zebulon,Fowle,zfowlec0@booking.com,Male,164.103.84.39,booking.com
434,Tersina,Rebillard,trebillardc1@yandex.ru,Female,192.46.212.145,yandex.ru
435,Idaline,Lodder,ilodderc2@barnesandnoble.com,Female,207.58.47.220,barnesandnoble.com
436,Aloise,Chisholme,achisholmec3@histats.com,Female,120.37.190.36,histats.com
437,Malissia,Cicculini,mcicculinic4@washingtonpost.com,Female,87.45.23.83,washingtonpost.com
438,Rickard,Petrello,rpetrelloc5@bluehost.com,Male,83.19.215.210,bluehost.com
439,Currey,Strasse,cstrassec6@theguardian.com,Male,107.65.241.153,theguardian.com
440,Nessy,Collocott,ncollocottc7@dot.gov,Polygender,188.85.66.98,dot.gov
441,Tan,Stormont,tstormontc8@sciencedirect.com,Male,3.17.194.197,sciencedirect.com
442,Branden,Biaggioli,bbiaggiolic9@bizjournals.com,Male,62.231.103.103,bizjournals.com
443,Donny,Carrivick,dcarrivickca@nba.com,Female,47.32.110.21,nba.com
444,Galven,Elham,gelhamcb@rediff.com,Male,105.169.238.66,rediff.com
445,Cornelius,Bines,cbinescc@altervista.org,Non-binary,142.52.85.100,altervista.org
446,Payton,Belfield,pbelfieldcd@howstuffworks.com,Male,108.186.171.77,howstuffworks.com
447,Alicea,Juzek,ajuzekce@ed.gov,Female,57.18.72.167,ed.gov
448,Catarina,Gilffillan,cgilffillancf@timesonline.co.uk,Female,248.80.117.160,timesonline.co.uk
449,Alasdair,Kincey,akinceycg@hugedomains.com,Male,99.165.26.248,hugedomains.com
450,Allen,McGannon,amcgannonch@globo.com,Bigender,72.17.224.203,globo.com
451,Bernardo,Swyne,bswyneci@noaa.gov,Male,113.238.159.145,noaa.gov
452,Roma,Ringsell,rringsellcj@stumbleupon.com,Male,186.136.182.213,stumbleupon.com
453,Shanta,Sharpling,ssharplingck@ca.gov,Female,212.190.214.123,ca.gov
454,Karina,Simes,ksimescl@sourceforge.net,Female,77.202.95.88,sourceforge.net
455,Daven,Germaine,dgermainecm@mail.ru,Male,141.109.88.67,mail.ru
456,Aprilette,Gomez,agomezcn@google.co.jp,Female,64.60.253.249,google.co.jp
457,Erinn,Yukhnev,eyukhnevco@nymag.com,Female,201.43.196.117,nymag.com
458,Theresa,McAneny,tmcanenycp@etsy.com,Female,123.242.100.186,etsy.com
459,Randell,Meakin,rmeakincq@nsw.gov.au,Male,144.77.120.111,nsw.gov.au
460,Zed,Broxton,zbroxtoncr@reverbnation.com,Male,151.109.41.238,reverbnation.com
461,Grannie,Lyttle,glyttlecs@ox.ac.uk,Male,107.173.188.0,ox.ac.uk
462,Edgardo,Grovier,egrovierct@gov.uk,Bigender,43.153.194.125,gov.uk
463,Kippy,Farrah,kfarrahcu@fda.gov,Female,6.113.221.216,fda.gov
464,Sigismund,Truluck,struluckcv@aol.com,Male,98.219.50.115,aol.com
465,Arlen,Jickles,ajicklescw@europa.eu,Female,173.173.215.113,europa.eu
466,Forster,Rawkesby,frawkesbycx@ed.gov,Male,121.213.101.178,ed.gov
467,Deck,O'Rowane,dorowanecy@cyberchimps.com,Male,76.226.62.151,cyberchimps.com
468,Linnea,Bertwistle,lbertwistlecz@sohu.com,Female,90.77.105.237,sohu.com
469,Bartolemo,Fernandez,bfernandezd0@businesswire.com,Male,92.76.223.159,businesswire.com
470,Cletis,Mackness,cmacknessd1@howstuffworks.com,Male,156.216.75.151,howstuffworks.com
471,Korella,Yanez,kyanezd2@yahoo.co.jp,Female,143.123.62.38,yahoo.co.jp
472,Zsa zsa,Peddie,zpeddied3@virginia.edu,Female,211.41.250.182,virginia.edu
473,Hersch,Gladstone,hgladstoned4@mac.com,Male,20.252.214.246,mac.com
474,Trevar,Toal,ttoald5@newsvine.com,Male,78.193.129.251,newsvine.com
475,Alden,McKenney,amckenneyd6@slideshare.net,Male,222.129.95.86,slideshare.net
476,Clementia,Brookz,cbrookzd7@indiegogo.com,Female,121.195.20.118,indiegogo.com
477,Gabbi,Strowthers,gstrowthersd8@newyorker.com,Female,233.16.67.204,newyorker.com
478,Ruperto,Bartley,rbartleyd9@nih.gov,Male,223.80.224.76,nih.gov
479,Gerladina,Fitchell,gfitchellda@sciencedirect.com,Female,101.77.207.128,sciencedirect.com
480,Meredeth,Eric,mericdb@icio.us,Male,232.161.185.52,icio.us
481,Jean,Fitzpayn,jfitzpayndc@sohu.com,Male,26.159.158.124,sohu.com
482,Bernice,Arias,bariasdd@smh.com.au,Female,74.110.90.189,smh.com.au
483,Waiter,Joney,wjoneyde@parallels.com,Male,75.44.126.140,parallels.com
484,Brynna,Roadnight,broadnightdf@mayoclinic.com,Female,58.189.208.140,mayoclinic.com
485,Marty,Huggin,mhuggindg@chicagotribune.com,Male,171.174.54.16,chicagotribune.com
486,Laina,Kettell,lkettelldh@skyrock.com,Female,227.73.218.119,skyrock.com
487,Franchot,Sheer,fsheerdi@sourceforge.net,Male,234.27.82.20,sourceforge.net
488,Brenn,Hewins,bhewinsdj@instagram.com,Female,210.66.32.119,instagram.com
489,Franky,Grisbrook,fgrisbrookdk@wufoo.com,Female,44.206.24.146,wufoo.com
490,Isador,Tregear,itregeardl@ebay.com,Male,138.208.36.210,ebay.com
491,Franz,Espadate,fespadatedm@reuters.com,Male,204.191.248.169,reuters.com
492,Zebulen,Michelmore,zmichelmoredn@wired.com,Male,4.4.97.164,wired.com
493,Silas,Oneill,soneilldo@sun.com,Male,209.58.59.165,sun.com
494,Ashley,Tomasino,atomasinodp@exblog.jp,Male,83.250.151.87,exblog.jp
495,Ileane,Lamswood,ilamswooddq@hao123.com,Female,233.246.73.115,hao123.com
496,Idette,Stormont,istormontdr@amazon.co.uk,Female,66.173.173.156,amazon.co.uk
497,Wheeler,Saunper,wsaunperds@ustream.tv,Male,236.0.214.164,ustream.tv
498,Karole,Kimm,kkimmdt@yale.edu,Female,59.96.127.175,yale.edu
499,Shamus,Samsin,ssamsindu@ehow.com,Male,239.94.46.120,ehow.com
500,Adair,Spadazzi,aspadazzidv@uol.com.br,Male,42.86.129.176,uol.com.br
501,Abner,Jakab,ajakabdw@drupal.org,Male,101.201.92.210,drupal.org
502,Kaycee,Whitby,kwhitbydx@nhs.uk,Female,56.37.157.221,nhs.uk
503,Cassie,Pringuer,cpringuerdy@apache.org,Male,40.48.14.26,apache.org
504,Valaria,Van Dale,vvandaledz@miibeian.gov.cn,Female,9.49.125.105,miibeian.gov.cn
505,Bryon,Dary,bdarye0@upenn.edu,Male,86.79.196.210,upenn.edu
506,Hedda,Thorington,hthoringtone1@bbc.co.uk,Female,140.118.182.235,bbc.co.uk
507,Rossie,MacEnelly,rmacenellye2@dot.gov,Male,64.143.141.251,dot.gov
508,Kial,Colquitt,kcolquitte3@icio.us,Female,19.130.177.92,icio.us
509,Chaim,Szanto,cszantoe4@nydailynews.com,Male,234.232.189.67,nydailynews.com
510,Walther,Doumenc,wdoumence5@hc360.com,Male,74.182.195.241,hc360.com
511,Simon,MacCaffery,smaccafferye6@oakley.com,Male,214.92.175.129,oakley.com
512,Darcey,Sherel,dsherele7@mashable.com,Female,201.184.134.56,mashable.com
513,Anselm,Buchett,abuchette8@narod.ru,Male,93.26.200.92,narod.ru
514,Ashely,O' Bee,aobeee9@go.com,Female,18.89.241.4,go.com
515,Cyndia,Bill,cbillea@smugmug.com,Female,45.73.218.150,smugmug.com
516,Phoebe,Morefield,pmorefieldeb@liveinternet.ru,Female,184.239.102.126,liveinternet.ru
517,Esther,O'Sheerin,eosheerinec@latimes.com,Female,22.228.198.220,latimes.com
518,Saw,Giriardelli,sgiriardellied@phoca.cz,Male,26.230.47.110,phoca.cz
519,Darren,Sweatland,dsweatlandee@e-recht24.de,Male,30.34.50.105,e-recht24.de
520,Linea,Breed,lbreedef@timesonline.co.uk,Female,233.31.0.110,timesonline.co.uk
521,Liesa,Klugel,lklugeleg@redcross.org,Female,97.99.115.31,redcross.org
522,Ernestus,Morat,emorateh@bbc.co.uk,Male,179.187.45.23,bbc.co.uk
523,Gal,Rosenhaus,grosenhausei@java.com,Male,232.113.8.148,java.com
524,Trumann,Mayger,tmaygerej@vinaora.com,Male,92.55.99.155,vinaora.com
525,Lou,Royson,lroysonek@opera.com,Male,33.88.202.18,opera.com
526,Nelly,Tortice,ntorticeel@dagondesign.com,Female,129.102.199.16,dagondesign.com
527,Hazel,Glison,hglisonem@dmoz.org,Female,110.19.202.226,dmoz.org
528,Christoffer,Selwyne,cselwyneen@ezinearticles.com,Male,137.42.115.246,ezinearticles.com
529,Conni,Fridlington,cfridlingtoneo@answers.com,Female,229.229.79.172,answers.com
530,Korney,Girth,kgirthep@multiply.com,Female,246.190.17.6,multiply.com
531,Martyn,Kibbee,mkibbeeeq@issuu.com,Male,79.254.143.56,issuu.com
532,Pauline,Manske,pmanskeer@over-blog.com,Female,130.74.99.114,over-blog.com
533,Nerti,Guiducci,nguiduccies@mac.com,Female,203.211.226.213,mac.com
534,Hillier,Kennion,hkennionet@cyberchimps.com,Male,72.111.19.149,cyberchimps.com
535,Hurlee,Mabb,hmabbeu@feedburner.com,Male,6.11.53.231,feedburner.com
536,Khalil,Leeuwerink,kleeuwerinkev@usgs.gov,Male,79.219.196.197,usgs.gov
537,Pietra,Byart,pbyartew@amazon.de,Female,189.103.209.120,amazon.de
538,Emery,Tregear,etregearex@salon.com,Male,99.240.207.7,salon.com
539,Andrus,Kliemann,akliemanney@yahoo.com,Male,80.186.31.38,yahoo.com
540,Bellanca,Wyvill,bwyvillez@wufoo.com,Female,249.198.3.253,wufoo.com
541,Sherm,Ericsson,sericssonf0@tuttocitta.it,Male,110.232.218.122,tuttocitta.it
542,Georgina,Frayn,gfraynf1@epa.gov,Female,171.171.86.56,epa.gov
543,Barbe,Meaders,bmeadersf2@pinterest.com,Female,228.178.214.32,pinterest.com
544,Lilla,Billany,lbillanyf3@ezinearticles.com,Female,59.145.80.139,ezinearticles.com
545,Tobie,Reuben,treubenf4@ebay.co.uk,Male,118.225.178.72,ebay.co.uk
546,Katusha,Zannolli,kzannollif5@live.com,Female,80.255.210.115,live.com
547,Franciska,McCartney,fmccartneyf6@bizjournals.com,Female,73.60.214.10,bizjournals.com
548,Toby,Keough,tkeoughf7@xrea.com,Male,33.152.106.27,xrea.com
549,Rem,Vere,rveref8@harvard.edu,Male,216.242.171.85,harvard.edu
550,Mela,Hobgen,mhobgenf9@seesaa.net,Female,71.137.245.104,seesaa.net
551,Gaelan,Benian,gbenianfa@networksolutions.com,Male,133.15.123.188,networksolutions.com
552,Hamlin,Crackel,hcrackelfb@aol.com,Male,50.210.12.249,aol.com
553,Louella,Skae,lskaefc@ca.gov,Female,199.89.7.81,ca.gov
554,Osbourn,Castell,ocastellfd@altervista.org,Male,97.65.11.185,altervista.org
555,Kalvin,Reame,kreamefe@marriott.com,Male,56.114.68.224,marriott.com
556,Frank,Spillane,fspillaneff@webmd.com,Male,21.185.57.175,webmd.com
557,Othelia,Semens,osemensfg@plala.or.jp,Female,50.102.185.206,plala.or.jp
558,Addy,Danser,adanserfh@webs.com,Bigender,68.219.235.48,webs.com
559,Hannah,Prosser,hprosserfi@macromedia.com,Female,28.38.208.133,macromedia.com
560,Jimmy,Feckey,jfeckeyfj@weebly.com,Male,14.163.116.228,weebly.com
561,Winni,Acheson,wachesonfk@bloglovin.com,Female,161.160.241.200,bloglovin.com
562,Dirk,Feavers,dfeaversfl@harvard.edu,Male,115.61.161.204,harvard.edu
563,Blake,Lanchester,blanchesterfm@bbc.co.uk,Female,215.230.108.102,bbc.co.uk
564,Dara,Kenway,dkenwayfn@bluehost.com,Female,179.88.145.243,bluehost.com
565,Shara,Back,sbackfo@biglobe.ne.jp,Genderqueer,89.129.90.123,biglobe.ne.jp
566,Mohammed,Tillett,mtillettfp@sbwire.com,Male,46.43.192.3,sbwire.com
567,Giacobo,Spratley,gspratleyfq@webs.com,Male,176.251.198.46,webs.com
568,Marinna,Edgerly,medgerlyfr@wiley.com,Female,3.156.142.213,wiley.com
569,Pate,Blaylock,pblaylockfs@nba.com,Male,177.236.1.98,nba.com
570,Willette,Frotton,wfrottonft@nhs.uk,Polygender,48.246.204.94,nhs.uk
571,Shermy,Beall,sbeallfu@unc.edu,Male,143.205.222.150,unc.edu
572,Jarret,Meaney,jmeaneyfv@fda.gov,Male,129.8.91.201,fda.gov
573,Jayson,Turley,jturleyfw@hhs.gov,Male,145.88.210.181,hhs.gov
574,Chadwick,Pahler,cpahlerfx@netscape.com,Male,229.151.54.198,netscape.com
575,Nedda,Rillett,nrillettfy@fc2.com,Female,190.247.33.6,fc2.com
576,Egon,Gauntley,egauntleyfz@cnn.com,Male,123.112.15.190,cnn.com
577,Amalee,Coath,acoathg0@a8.net,Female,118.59.13.83,a8.net
578,Bab,Prose,bproseg1@tumblr.com,Bigender,203.27.36.102,tumblr.com
579,Avis,Cuthbertson,acuthbertsong2@hexun.com,Female,136.58.36.246,hexun.com
580,Marlane,Halling,mhallingg3@cbslocal.com,Female,158.181.248.5,cbslocal.com
581,Tildi,Pioch,tpiochg4@prnewswire.com,Female,144.153.34.14,prnewswire.com
582,Hebert,Loughnan,hloughnang5@paginegialle.it,Male,88.95.45.197,paginegialle.it
583,Kali,Pitkethly,kpitkethlyg6@about.com,Genderqueer,11.0.174.8,about.com
584,Emmeline,Abrahm,eabrahmg7@oakley.com,Female,7.7.109.123,oakley.com
585,Alyosha,Hoble,ahobleg8@parallels.com,Bigender,209.195.188.68,parallels.com
586,Ddene,Boch,dbochg9@shinystat.com,Genderqueer,173.222.204.183,shinystat.com
587,Andromache,Iseton,aisetonga@noaa.gov,Female,49.167.245.175,noaa.gov
588,Darleen,Balden,dbaldengb@omniture.com,Female,35.119.155.79,omniture.com
589,Sue,Threlkeld,sthrelkeldgc@netlog.com,Female,0.234.74.217,netlog.com
590,Trudi,Covolini,tcovolinigd@boston.com,Female,194.7.250.88,boston.com
591,Angelika,Ceci,acecige@eepurl.com,Female,16.33.165.12,eepurl.com
592,Trixi,Krahl,tkrahlgf@ycombinator.com,Female,227.39.121.137,ycombinator.com
593,Rosalia,Coulsen,rcoulsengg@surveymonkey.com,Female,1.23.179.207,surveymonkey.com
594,Sissie,Coughan,scoughangh@cdbaby.com,Female,49.38.127.5,cdbaby.com
595,Adolf,Killiner,akillinergi@naver.com,Male,156.154.46.19,naver.com
596,Vidovic,Nary,vnarygj@list-manage.com,Male,90.18.78.26,list-manage.com
597,Johann,Slater,jslatergk@deliciousdays.com,Male,223.225.111.12,deliciousdays.com
598,Carissa,Judkins,cjudkinsgl@list-manage.com,Female,143.65.120.9,list-manage.com
599,Hilly,Braiden,hbraidengm@yandex.ru,Male,171.189.20.182,yandex.ru
600,Marsiella,Vickerstaff,mvickerstaffgn@tamu.edu,Female,63.60.131.120,tamu.edu
601,Ivett,Slimm,islimmgo@deviantart.com,Female,80.162.213.171,deviantart.com
602,Kristin,Oldis,koldisgp@github.io,Genderfluid,135.176.65.107,github.io
603,Constantin,Arsmith,carsmithgq@ow.ly,Male,37.197.217.92,ow.ly
604,Orly,Farherty,ofarhertygr@state.tx.us,Female,154.46.139.103,state.tx.us
605,Jaquenette,Keeley,jkeeleygs@biglobe.ne.jp,Female,251.130.246.27,biglobe.ne.jp
606,Joelynn,Peart,jpeartgt@shutterfly.com,Female,110.75.133.0,shutterfly.com
607,Marcos,Daice,mdaicegu@nhs.uk,Male,147.34.209.109,nhs.uk
608,Zerk,Mattheis,zmattheisgv@4shared.com,Male,220.26.225.112,4shared.com
609,Chris,McAleese,cmcaleesegw@creativecommons.org,Female,189.222.111.43,creativecommons.org
610,Cristian,Kinnear,ckinneargx@intel.com,Male,234.18.93.165,intel.com
611,Shirley,Waterworth,swaterworthgy@amazon.co.jp,Female,130.51.252.67,amazon.co.jp
612,Kristien,Philippsohn,kphilippsohngz@virginia.edu,Female,234.202.26.16,virginia.edu
613,Joelle,Daulby,jdaulbyh0@newsvine.com,Female,238.206.8.46,newsvine.com
614,Archibaldo,Orrice,aorriceh1@fastcompany.com,Male,148.80.8.58,fastcompany.com
615,Marylou,Burds,mburdsh2@nytimes.com,Female,18.22.117.47,nytimes.com
616,Jehanna,Fullwood,jfullwoodh3@dion.ne.jp,Female,231.101.217.93,dion.ne.jp
617,Maurizia,Kubala,mkubalah4@nytimes.com,Female,58.191.28.248,nytimes.com
618,Tod,Drews,tdrewsh5@i2i.jp,Male,133.21.109.108,i2i.jp
619,Osmund,Reason,oreasonh6@seesaa.net,Male,145.31.217.86,seesaa.net
620,Raynard,Belli,rbellih7@w3.org,Agender,163.250.55.215,w3.org
621,Trixy,Elwin,telwinh8@ifeng.com,Female,244.115.236.38,ifeng.com
622,Tobin,Kohrt,tkohrth9@cbsnews.com,Male,117.13.50.191,cbsnews.com
623,Gale,Linay,glinayha@timesonline.co.uk,Male,87.194.20.242,timesonline.co.uk
624,Kellen,Roz,krozhb@google.it,Female,101.29.128.122,google.it
625,Alverta,Firby,afirbyhc@meetup.com,Female,164.136.75.5,meetup.com
626,Rowena,Cordery,rcorderyhd@weebly.com,Female,46.86.57.27,weebly.com
627,Marve,Groucutt,mgroucutthe@illinois.edu,Male,179.57.203.23,illinois.edu
628,Johnath,Jeannon,jjeannonhf@wikia.com,Female,70.90.205.119,wikia.com
629,Elle,Dealtry,edealtryhg@pagesperso-orange.fr,Female,2.160.152.154,pagesperso-orange.fr
630,Karisa,Doulton,kdoultonhh@csmonitor.com,Female,185.15.122.63,csmonitor.com
631,Ede,Jacobs,ejacobshi@goodreads.com,Female,2.144.230.8,goodreads.com
632,Shoshanna,Lait,slaithj@ehow.com,Female,133.138.201.137,ehow.com
633,Towny,Yannoni,tyannonihk@bloomberg.com,Male,229.71.89.66,bloomberg.com
634,Adeline,Essery,aesseryhl@qq.com,Female,166.5.90.52,qq.com
635,Darrelle,Radnage,dradnagehm@whitehouse.gov,Genderfluid,36.243.253.163,whitehouse.gov
636,Mildred,Toothill,mtoothillhn@cocolog-nifty.com,Female,1.238.115.80,cocolog-nifty.com
637,Reider,McCuis,rmccuisho@washington.edu,Male,103.188.64.17,washington.edu
638,Fanechka,Belchamber,fbelchamberhp@yahoo.co.jp,Female,75.93.39.97,yahoo.co.jp
639,Robin,Zelake,rzelakehq@aboutads.info,Male,24.114.6.138,aboutads.info
640,Aridatha,Readie,areadiehr@cisco.com,Female,118.51.64.19,cisco.com
641,Gerladina,Stoyle,gstoylehs@so-net.ne.jp,Female,98.101.9.209,so-net.ne.jp
642,Filberto,Ovitz,fovitzht@phpbb.com,Male,133.175.5.168,phpbb.com
643,Katusha,Worsnap,kworsnaphu@weather.com,Female,210.218.211.123,weather.com
644,Lucas,Feilden,lfeildenhv@phpbb.com,Male,106.209.195.163,phpbb.com
645,Seymour,Esler,seslerhw@live.com,Male,104.227.110.219,live.com
646,Kasper,Lettsom,klettsomhx@virginia.edu,Male,79.71.250.12,virginia.edu
647,Phaidra,Attyeo,pattyeohy@google.com.br,Female,152.138.137.197,google.com.br
648,Corella,Youles,cyouleshz@twitter.com,Female,215.154.75.215,twitter.com
649,Den,Inchcomb,dinchcombi0@vimeo.com,Male,206.159.75.247,vimeo.com
650,Gare,Raithmill,graithmilli1@issuu.com,Male,75.174.113.129,issuu.com
651,Leroi,Jandak,ljandaki2@yellowpages.com,Male,222.203.162.168,yellowpages.com
652,Holli,O'Scanlon,hoscanloni3@toplist.cz,Female,114.136.121.52,toplist.cz
653,Ari,Moston,amostoni4@accuweather.com,Bigender,140.38.39.1,accuweather.com
654,Stan,Alldre,salldrei5@elpais.com,Male,169.104.221.102,elpais.com
655,Cathi,Bauldry,cbauldryi6@smugmug.com,Female,71.248.242.93,smugmug.com
656,Keith,Kelsow,kkelsowi7@bloomberg.com,Genderqueer,243.110.125.197,bloomberg.com
657,Bobinette,Vivash,bvivashi8@comsenz.com,Female,141.7.101.229,comsenz.com
658,Rakel,Rusk,rruski9@ameblo.jp,Female,22.253.36.133,ameblo.jp
659,Birch,Casine,bcasineia@prweb.com,Male,146.94.153.5,prweb.com
660,Shawna,Danilchev,sdanilchevib@europa.eu,Female,159.54.99.157,europa.eu
661,Leese,Gini,lginiic@census.gov,Female,212.125.101.93,census.gov
662,Cathryn,Bromidge,cbromidgeid@barnesandnoble.com,Female,51.62.33.1,barnesandnoble.com
663,Ansley,Lofty,aloftyie@state.gov,Female,28.174.95.227,state.gov
664,Kristoforo,Djokovic,kdjokovicif@woothemes.com,Genderfluid,174.60.243.5,woothemes.com
665,Albina,Tidgewell,atidgewellig@cisco.com,Female,206.56.113.243,cisco.com
666,Hendrika,Renneke,hrennekeih@hugedomains.com,Female,67.11.72.237,hugedomains.com
667,Bailey,Rossoni,brossoniii@princeton.edu,Male,124.130.83.52,princeton.edu
668,Kaitlin,Lyddiatt,klyddiattij@1688.com,Female,72.17.68.82,1688.com
669,Kerby,Gallatly,kgallatlyik@privacy.gov.au,Male,75.144.192.27,privacy.gov.au
670,Anatola,Menel,amenelil@instagram.com,Female,191.1.88.34,instagram.com
671,Brande,Lauks,blauksim@list-manage.com,Female,179.209.3.164,list-manage.com
672,Lyman,Drane,ldranein@ox.ac.uk,Male,155.43.72.154,ox.ac.uk
673,Carilyn,Dosedale,cdosedaleio@friendfeed.com,Female,162.6.140.134,friendfeed.com
674,Florella,Billborough,fbillboroughip@amazon.de,Female,228.55.113.182,amazon.de
675,Corney,Jumonet,cjumonetiq@blogs.com,Male,26.72.194.47,blogs.com
676,Jeniffer,Crocetti,jcrocettiir@baidu.com,Genderqueer,145.162.55.251,baidu.com
677,Kleon,Dillinger,kdillingeris@unicef.org,Male,255.227.135.178,unicef.org
678,Morlee,Burr,mburrit@symantec.com,Male,184.86.134.18,symantec.com
679,Deeyn,Hensmans,dhensmansiu@uiuc.edu,Female,241.129.60.20,uiuc.edu
680,Hallsy,Mankor,hmankoriv@biglobe.ne.jp,Male,70.242.202.14,biglobe.ne.jp
681,Alice,Dinan,adinaniw@youtube.com,Agender,213.201.56.72,youtube.com
682,Pietro,Dunsmuir,pdunsmuirix@salon.com,Male,246.91.165.242,salon.com
683,Carleen,Beckenham,cbeckenhamiy@disqus.com,Female,157.60.140.186,disqus.com
684,Saba,Pentelo,spenteloiz@dot.gov,Female,134.99.6.87,dot.gov
685,Bart,Milner,bmilnerj0@japanpost.jp,Polygender,50.132.89.238,japanpost.jp
686,Myriam,Follis,mfollisj1@bandcamp.com,Female,71.168.119.242,bandcamp.com
687,Ken,Walne,kwalnej2@auda.org.au,Male,156.85.98.151,auda.org.au
688,Aubrette,Burgh,aburghj3@paypal.com,Female,133.252.196.84,paypal.com
689,Luca,Shear,lshearj4@sphinn.com,Male,198.164.62.8,sphinn.com
690,Maxi,Darrach,mdarrachj5@msn.com,Female,76.236.170.234,msn.com
691,Tonya,Jenyns,tjenynsj6@shareasale.com,Female,117.107.26.2,shareasale.com
692,Ugo,Jinkins,ujinkinsj7@comsenz.com,Male,13.178.223.157,comsenz.com
693,Devonna,Gillard,dgillardj8@cnet.com,Polygender,221.30.122.249,cnet.com
694,Chip,Sievewright,csievewrightj9@ihg.com,Male,80.92.227.136,ihg.com
695,Boris,Watson,bwatsonja@discovery.com,Male,180.21.122.91,discovery.com
696,Erv,Toffalo,etoffalojb@devhub.com,Male,116.56.28.236,devhub.com
697,Morty,West-Frimley,mwestfrimleyjc@nature.com,Male,207.162.189.220,nature.com
698,Lita,Bryde,lbrydejd@sitemeter.com,Female,166.226.176.115,sitemeter.com
699,Clayson,Baddow,cbaddowje@slashdot.org,Male,79.137.16.213,slashdot.org
700,Cairistiona,Lantiffe,clantiffejf@cpanel.net,Female,39.133.178.188,cpanel.net
701,Brigitte,Cockhill,bcockhilljg@google.fr,Female,155.252.63.23,google.fr
702,Burnard,Stuke,bstukejh@sohu.com,Male,85.151.2.96,sohu.com
703,Teressa,July,tjulyji@123-reg.co.uk,Female,161.156.1.34,123-reg.co.uk
704,Sarena,Mason,smasonjj@reddit.com,Female,39.10.65.171,reddit.com
705,Ethelda,Splevin,esplevinjk@uol.com.br,Genderqueer,249.47.14.11,uol.com.br
706,Suzy,Cortnay,scortnayjl@aboutads.info,Female,230.241.165.182,aboutads.info
707,Mercy,Crickmer,mcrickmerjm@comsenz.com,Agender,149.92.198.56,comsenz.com
708,Felicle,Bardsley,fbardsleyjn@hatena.ne.jp,Female,111.116.35.192,hatena.ne.jp
709,Augusta,Nevet,anevetjo@illinois.edu,Female,92.31.60.167,illinois.edu
710,De witt,Maddick,dmaddickjp@mediafire.com,Male,124.117.193.131,mediafire.com
711,Lyda,Burgen,lburgenjq@flavors.me,Female,9.150.14.30,flavors.me
712,Ivan,Galvan,igalvanjr@ucla.edu,Male,192.184.243.196,ucla.edu
713,Shara,Radnedge,sradnedgejs@mit.edu,Female,249.211.40.245,mit.edu
714,Vachel,Dohrmann,vdohrmannjt@barnesandnoble.com,Male,149.98.188.197,barnesandnoble.com
715,Charisse,Staterfield,cstaterfieldju@eventbrite.com,Female,170.113.71.42,eventbrite.com
716,Stavro,Syers,ssyersjv@facebook.com,Male,98.47.20.52,facebook.com
717,Hyacinthie,Kinde,hkindejw@mtv.com,Female,205.145.88.175,mtv.com
718,Alard,Menhci,amenhcijx@friendfeed.com,Male,128.97.162.19,friendfeed.com
719,Mariejeanne,Pidon,mpidonjy@baidu.com,Female,116.148.22.13,baidu.com
720,Philly,Osmant,posmantjz@joomla.org,Genderqueer,75.159.43.97,joomla.org
721,Thaine,Prover,tproverk0@mashable.com,Male,167.166.201.86,mashable.com
722,Baxie,Mansion,bmansionk1@netscape.com,Male,69.196.62.171,netscape.com
723,Hewet,Inott,hinottk2@reuters.com,Male,124.30.196.30,reuters.com
724,Vladimir,Fairbard,vfairbardk3@printfriendly.com,Male,180.73.236.202,printfriendly.com
725,Wait,Lethby,wlethbyk4@bizjournals.com,Male,53.243.7.128,bizjournals.com
726,Harlen,Grishagin,hgrishagink5@moonfruit.com,Male,155.61.196.145,moonfruit.com
727,Elia,Baglan,ebaglank6@aboutads.info,Male,51.68.125.132,aboutads.info
728,Kennith,Hollindale,khollindalek7@ft.com,Male,225.142.217.132,ft.com
729,Jaimie,Finlator,jfinlatork8@omniture.com,Female,129.98.96.137,omniture.com
730,Augustin,Casterton,acastertonk9@cdc.gov,Male,27.75.175.54,cdc.gov
731,Helsa,Risely,hriselyka@sun.com,Female,176.102.149.135,sun.com
732,Amalee,Le Brum,alebrumkb@state.tx.us,Genderfluid,130.172.74.172,state.tx.us
733,Shamus,Riddel,sriddelkc@uiuc.edu,Male,77.235.49.15,uiuc.edu
734,Ahmed,Treace,atreacekd@oakley.com,Male,10.234.240.203,oakley.com
735,Rosene,Morrowe,rmorroweke@businessinsider.com,Female,72.10.83.113,businessinsider.com
736,Ignacius,Cregin,icreginkf@moonfruit.com,Male,148.255.229.196,moonfruit.com
737,Hansiain,Coakley,hcoakleykg@networkadvertising.org,Male,71.205.229.16,networkadvertising.org
738,Waldo,Fancourt,wfancourtkh@fema.gov,Male,6.177.149.120,fema.gov
739,Nahum,Kenny,nkennyki@harvard.edu,Male,181.91.227.79,harvard.edu
740,Evelin,Langeley,elangeleykj@apple.com,Male,244.136.163.232,apple.com
741,Nicolas,Wadelin,nwadelinkk@exblog.jp,Male,25.140.42.150,exblog.jp
742,Eden,Froment,efromentkl@ocn.ne.jp,Female,214.120.2.151,ocn.ne.jp
743,Shandee,Goldsbrough,sgoldsbroughkm@topsy.com,Female,139.208.124.0,topsy.com
744,Aura,Fishbourn,afishbournkn@ebay.com,Female,6.131.47.17,ebay.com
745,Louie,Copper,lcopperko@mac.com,Male,114.0.210.87,mac.com
746,Mathias,Bilby,mbilbykp@oakley.com,Male,6.232.95.179,oakley.com
747,Phillida,Musto,pmustokq@usnews.com,Female,107.144.153.236,usnews.com
748,Lynna,Grinston,lgrinstonkr@imageshack.us,Female,175.188.217.226,imageshack.us
749,Sly,Colebourn,scolebournks@geocities.com,Male,58.77.244.108,geocities.com
750,Rinaldo,Dadge,rdadgekt@cbsnews.com,Agender,71.3.64.157,cbsnews.com
751,Rudyard,Ianni,rianniku@pcworld.com,Male,97.44.209.79,pcworld.com
752,Ferdy,Woodeson,fwoodesonkv@hp.com,Male,135.40.215.163,hp.com
753,Letizia,Reddick,lreddickkw@addthis.com,Female,189.4.175.192,addthis.com
754,Doralyn,MacMorland,dmacmorlandkx@mapquest.com,Female,37.242.10.121,mapquest.com
755,Brandais,Muscroft,bmuscroftky@si.edu,Non-binary,57.194.185.35,si.edu
756,Steffi,Pervew,spervewkz@stumbleupon.com,Female,229.151.219.37,stumbleupon.com
757,Lea,Briers,lbriersl0@people.com.cn,Female,179.196.57.150,people.com.cn
758,Clemmie,Tennock,ctennockl1@blinklist.com,Female,134.146.107.173,blinklist.com
759,Elisabet,Beart,ebeartl2@slate.com,Agender,163.64.216.99,slate.com
760,Akim,Scohier,ascohierl3@webmd.com,Bigender,175.137.17.80,webmd.com
761,Alasteir,Tompkinson,atompkinsonl4@un.org,Male,168.122.107.107,un.org
762,Zsa zsa,Chown,zchownl5@deviantart.com,Female,128.41.37.232,deviantart.com
763,Glyn,Newens,gnewensl6@tuttocitta.it,Female,115.232.138.80,tuttocitta.it
764,Micheil,Webburn,mwebburnl7@mapy.cz,Male,62.122.18.60,mapy.cz
765,Sadella,Nelthrop,snelthropl8@4shared.com,Female,93.5.175.252,4shared.com
766,Richmond,Eilhermann,reilhermannl9@facebook.com,Male,164.39.3.22,facebook.com
767,Jacquelynn,Lackey,jlackeyla@prnewswire.com,Female,214.193.154.226,prnewswire.com
768,Mordy,Lightning,mlightninglb@ask.com,Bigender,51.133.169.137,ask.com
769,Jarrett,Berthel,jberthellc@paypal.com,Male,74.209.101.101,paypal.com
770,Lesya,Mansell,lmansellld@cbsnews.com,Female,45.137.214.189,cbsnews.com
771,Maurise,Jachtym,mjachtymle@washington.edu,Male,100.0.83.109,washington.edu
772,Cecilio,Tringham,ctringhamlf@edublogs.org,Male,181.19.169.206,edublogs.org
773,Margeaux,Brise,mbriselg@twitter.com,Female,18.176.178.190,twitter.com
774,Benny,Seyers,bseyerslh@paginegialle.it,Male,184.13.200.113,paginegialle.it
775,Isidoro,Rowbottam,irowbottamli@cafepress.com,Male,179.178.16.205,cafepress.com
776,Job,Slaymaker,jslaymakerlj@tripadvisor.com,Polygender,160.123.186.162,tripadvisor.com
777,Emilia,Chelsom,echelsomlk@businesswire.com,Female,225.107.20.97,businesswire.com
778,Dallas,Millier,dmillierll@sbwire.com,Non-binary,254.55.91.94,sbwire.com
779,Kennith,Polkinhorn,kpolkinhornlm@about.com,Male,222.79.75.196,about.com
780,Lucius,Cosgrave,lcosgraveln@omniture.com,Male,94.189.223.77,omniture.com
781,Marji,Lillgard,mlillgardlo@ca.gov,Female,188.8.183.179,ca.gov
782,Abigael,Velde,aveldelp@bravesites.com,Female,164.181.49.230,bravesites.com
783,Isabella,Cowderay,icowderaylq@biglobe.ne.jp,Female,132.26.127.117,biglobe.ne.jp
784,Kaspar,Fattorini,kfattorinilr@google.ru,Male,217.166.208.190,google.ru
785,Lyle,Sextone,lsextonels@goodreads.com,Male,70.39.37.152,goodreads.com
786,Sergent,Sachno,ssachnolt@army.mil,Male,14.235.86.210,army.mil
787,Lemar,Dooler,ldoolerlu@about.com,Male,208.121.178.30,about.com
788,Anastasia,Tancock,atancocklv@oaic.gov.au,Female,225.57.10.130,oaic.gov.au
789,Debor,Dodd,ddoddlw@sourceforge.net,Female,123.145.5.200,sourceforge.net
790,Kaja,Havik,khaviklx@archive.org,Female,33.239.213.193,archive.org
791,Randi,Geroldo,rgeroldoly@umich.edu,Male,219.154.120.172,umich.edu
792,Lilyan,Llewhellin,lllewhellinlz@ycombinator.com,Female,113.36.131.241,ycombinator.com
793,Lucina,Becerra,lbecerram0@reference.com,Female,154.127.243.80,reference.com
794,Efrem,Lanaway,elanawaym1@dailymail.co.uk,Male,4.70.176.173,dailymail.co.uk
795,Lucien,Stickney,lstickneym2@eventbrite.com,Male,214.229.199.4,eventbrite.com
796,Kathye,Eggle,kegglem3@oakley.com,Female,10.41.0.184,oakley.com
797,Brook,Reinhardt,breinhardtm4@yellowpages.com,Female,97.255.55.189,yellowpages.com
798,De witt,Robbe,drobbem5@xing.com,Male,145.185.191.223,xing.com
799,Osmond,Cordeux,ocordeuxm6@wix.com,Male,18.88.164.113,wix.com
800,Querida,Semonin,qsemoninm7@bizjournals.com,Female,13.139.216.7,bizjournals.com
801,Kurt,Vaskov,kvaskovm8@berkeley.edu,Male,244.178.187.20,berkeley.edu
802,Nicoline,Whiting,nwhitingm9@usgs.gov,Female,142.185.176.54,usgs.gov
803,Anestassia,Sockell,asockellma@icq.com,Female,156.42.79.64,icq.com
804,Eldridge,Grishukhin,egrishukhinmb@ovh.net,Male,123.46.10.132,ovh.net
805,Katrinka,Allcott,kallcottmc@netvibes.com,Female,103.49.160.198,netvibes.com
806,Skyler,Chartres,schartresmd@netvibes.com,Male,230.255.205.109,netvibes.com
807,Kahaleel,Sindell,ksindellme@google.pl,Male,40.13.38.32,google.pl
808,Harbert,Kinworthy,hkinworthymf@reuters.com,Polygender,233.16.192.192,reuters.com
809,Rebbecca,Dore,rdoremg@hibu.com,Female,156.86.7.196,hibu.com
810,Noreen,Fosher,nfoshermh@pbs.org,Female,24.213.46.32,pbs.org
811,Carl,Kelf,ckelfmi@networkadvertising.org,Male,141.116.227.32,networkadvertising.org
812,Dorree,Strathern,dstrathernmj@ning.com,Female,162.60.155.69,ning.com
813,Trixi,O'Grogane,togroganemk@auda.org.au,Female,197.111.79.148,auda.org.au
814,Mandel,Cullingworth,mcullingworthml@timesonline.co.uk,Male,212.250.128.35,timesonline.co.uk
815,Kerianne,Fardoe,kfardoemm@dmoz.org,Female,230.169.161.85,dmoz.org
816,Rebekah,Colquitt,rcolquittmn@examiner.com,Female,195.207.130.248,examiner.com
817,Waly,McGloin,wmcgloinmo@woothemes.com,Female,244.118.115.5,woothemes.com
818,Annie,Mille,amillemp@mac.com,Female,122.42.218.75,mac.com
819,Mariette,Allmann,mallmannmq@fda.gov,Female,49.210.164.217,fda.gov
820,Lester,Stennet,lstennetmr@booking.com,Male,215.187.28.221,booking.com
821,Trumann,Saxelby,tsaxelbyms@berkeley.edu,Male,31.157.253.170,berkeley.edu
822,Franklyn,Inold,finoldmt@jigsy.com,Male,99.241.41.97,jigsy.com
823,Rickard,Richardes,rrichardesmu@cbc.ca,Male,22.35.72.181,cbc.ca
824,Kort,Jorin,kjorinmv@feedburner.com,Male,15.67.116.206,feedburner.com
825,Willabella,Beatey,wbeateymw@rakuten.co.jp,Agender,143.92.130.24,rakuten.co.jp
826,Aristotle,Tuxsell,atuxsellmx@jimdo.com,Male,56.177.79.85,jimdo.com
827,Kaja,Jeffryes,kjeffryesmy@nymag.com,Female,33.238.166.186,nymag.com
828,Jay,Broadfield,jbroadfieldmz@nps.gov,Male,166.247.96.28,nps.gov
829,Sascha,Scotson,sscotsonn0@multiply.com,Female,34.109.101.62,multiply.com
830,Viviana,Pachta,vpachtan1@acquirethisname.com,Female,142.130.130.214,acquirethisname.com
831,Rayshell,Morigan,rmorigann2@typepad.com,Genderfluid,2.147.99.45,typepad.com
832,Viola,Floodgate,vfloodgaten3@dagondesign.com,Female,140.49.122.60,dagondesign.com
833,Abba,Pranger,aprangern4@godaddy.com,Male,131.50.188.90,godaddy.com
834,Lowell,Tuddenham,ltuddenhamn5@squarespace.com,Male,28.105.204.58,squarespace.com
835,Keefer,Bader,kbadern6@cargocollective.com,Male,105.202.118.84,cargocollective.com
836,Adolpho,Kiddey,akiddeyn7@netlog.com,Male,0.8.250.161,netlog.com
837,Rania,McConnachie,rmcconnachien8@amazon.co.uk,Female,199.209.236.92,amazon.co.uk
838,Winnie,Craise,wcraisen9@loc.gov,Female,158.98.47.25,loc.gov
839,Kylen,Belding,kbeldingna@mtv.com,Bigender,172.48.208.101,mtv.com
840,Maryanna,Darnbrook,mdarnbrooknb@bing.com,Female,183.58.103.89,bing.com
841,Shelby,Dake,sdakenc@imageshack.us,Female,235.122.132.175,imageshack.us
842,Dalli,Pebworth,dpebworthnd@tripadvisor.com,Male,108.66.159.6,tripadvisor.com
843,Kile,Aron,karonne@bandcamp.com,Male,15.173.152.187,bandcamp.com
844,Harmonia,Sagg,hsaggnf@tiny.cc,Female,116.133.181.70,tiny.cc
845,Angelique,Davet,adavetng@t.co,Female,143.222.16.168,t.co
846,Felicity,Spittle,fspittlenh@sina.com.cn,Female,170.110.122.9,sina.com.cn
847,Gris,Ribey,gribeyni@ameblo.jp,Male,108.129.82.124,ameblo.jp
848,Peyton,LaBastida,plabastidanj@jalbum.net,Male,29.44.152.14,jalbum.net
849,Calvin,Jorn,cjornnk@ifeng.com,Male,240.181.155.181,ifeng.com
850,Estelle,Nendick,enendicknl@storify.com,Female,35.11.138.114,storify.com
851,Junina,Seville,jsevillenm@examiner.com,Female,234.20.155.160,examiner.com
852,Gerardo,Mattea,gmatteann@discovery.com,Male,39.205.15.95,discovery.com
853,Phil,Snaddin,psnaddinno@netvibes.com,Female,213.172.149.156,netvibes.com
854,Brien,Kingsly,bkingslynp@dailymail.co.uk,Male,192.202.43.110,dailymail.co.uk
855,Domingo,Charity,dcharitynq@epa.gov,Male,233.118.45.140,epa.gov
856,Gifford,Suggitt,gsuggittnr@youku.com,Genderqueer,88.212.236.7,youku.com
857,Kally,Banaszewski,kbanaszewskins@a8.net,Female,249.12.117.217,a8.net
858,April,Lyttle,alyttlent@narod.ru,Genderfluid,185.208.24.241,narod.ru
859,Julietta,Ecclestone,jecclestonenu@tumblr.com,Female,185.142.16.165,tumblr.com
860,Doralia,Brooksbank,dbrooksbanknv@house.gov,Female,17.165.17.239,house.gov
861,Stern,Garnham,sgarnhamnw@mlb.com,Bigender,35.27.64.58,mlb.com
862,Vladamir,Cleiment,vcleimentnx@hibu.com,Male,76.26.193.90,hibu.com
863,Hobey,Heeps,hheepsny@usgs.gov,Male,75.184.23.176,usgs.gov
864,Logan,Blaasch,lblaaschnz@engadget.com,Male,227.226.37.96,engadget.com
865,Andy,Sunnucks,asunnuckso0@phoca.cz,Agender,198.214.219.10,phoca.cz
866,Adrian,Bolt,abolto1@harvard.edu,Male,74.124.79.173,harvard.edu
867,Mathilda,Francino,mfrancinoo2@google.co.jp,Female,200.210.158.228,google.co.jp
868,Elisabet,Elis,eeliso3@pbs.org,Female,202.76.16.215,pbs.org
869,Alli,Khristyukhin,akhristyukhino4@pagesperso-orange.fr,Female,30.228.31.214,pagesperso-orange.fr
870,Lucille,Hargitt,lhargitto5@bigcartel.com,Female,13.160.241.227,bigcartel.com
871,Fitz,Okeshott,fokeshotto6@miibeian.gov.cn,Male,84.169.244.7,miibeian.gov.cn
872,Damon,Yakobowitch,dyakobowitcho7@whitehouse.gov,Male,126.199.184.144,whitehouse.gov
873,Franky,Fellini,ffellinio8@who.int,Female,178.178.10.220,who.int
874,Edouard,Bolver,ebolvero9@rambler.ru,Male,163.97.179.232,rambler.ru
875,Garreth,Benasik,gbenasikoa@gnu.org,Male,31.254.146.57,gnu.org
876,Moishe,Reddecliffe,mreddecliffeob@com.com,Male,204.15.48.177,com.com
877,Dorita,Coiley,dcoileyoc@ftc.gov,Female,199.225.91.108,ftc.gov
878,Roger,Bru,rbruod@photobucket.com,Male,227.92.75.12,photobucket.com
879,Stearn,Ledley,sledleyoe@newyorker.com,Male,58.112.246.237,newyorker.com
880,Myrah,Hedger,mhedgerof@marriott.com,Female,211.17.140.222,marriott.com
881,Callean,Wealthall,cwealthallog@angelfire.com,Male,91.99.153.79,angelfire.com
882,Alden,Rousel,arouseloh@friendfeed.com,Male,162.148.183.199,friendfeed.com
883,Valerye,Henken,vhenkenoi@paypal.com,Female,190.53.227.73,paypal.com
884,Dyana,Cake,dcakeoj@loc.gov,Female,140.236.162.118,loc.gov
885,Elli,Bonafant,ebonafantok@uiuc.edu,Female,145.218.23.153,uiuc.edu
886,Rori,MacGorman,rmacgormanol@usa.gov,Female,134.48.48.41,usa.gov
887,Bastian,Yukhnini,byukhniniom@timesonline.co.uk,Male,158.126.209.178,timesonline.co.uk
888,Traver,Fall,tfallon@npr.org,Male,8.20.117.249,npr.org
889,Barclay,Ridsdale,bridsdaleoo@aol.com,Male,6.250.25.177,aol.com
890,Brock,Cowap,bcowapop@rediff.com,Male,206.7.116.48,rediff.com
891,Slade,Spilsted,sspilstedoq@networksolutions.com,Bigender,105.7.80.120,networksolutions.com
892,Dianna,Chittem,dchittemor@mail.ru,Female,199.163.116.185,mail.ru
893,Jania,Mainland,jmainlandos@chron.com,Female,181.123.98.217,chron.com
894,Jayne,Bellanger,jbellangerot@patch.com,Female,232.109.166.101,patch.com
895,Pepito,Croker,pcrokerou@live.com,Bigender,215.173.55.177,live.com
896,Mandy,Joll,mjollov@flickr.com,Female,163.38.129.8,flickr.com
897,Cristobal,Marsters,cmarstersow@lulu.com,Male,30.72.21.207,lulu.com
898,Normie,Arkwright,narkwrightox@huffingtonpost.com,Male,230.252.88.207,huffingtonpost.com
899,Barr,Haldin,bhaldinoy@technorati.com,Male,15.41.144.217,technorati.com
900,Aylmar,Glackin,aglackinoz@house.gov,Male,0.18.127.244,house.gov
901,Tandie,Ridoutt,tridouttp0@psu.edu,Female,119.48.43.212,psu.edu
902,Filippa,Batrick,fbatrickp1@tuttocitta.it,Female,42.140.80.94,tuttocitta.it
903,Jourdan,Beran,jberanp2@ask.com,Female,150.154.2.75,ask.com
904,Matthiew,Devil,mdevilp3@google.co.uk,Male,6.245.193.111,google.co.uk
905,Olivette,Kintzel,okintzelp4@skype.com,Female,36.109.239.75,skype.com
906,Gifford,Inkpin,ginkpinp5@google.nl,Male,218.39.227.171,google.nl
907,Meriel,Gillbee,mgillbeep6@xinhuanet.com,Female,68.200.204.130,xinhuanet.com
908,Keefe,Sinden,ksindenp7@goo.ne.jp,Male,245.54.170.53,goo.ne.jp
909,Sayers,Koomar,skoomarp8@howstuffworks.com,Male,142.3.171.107,howstuffworks.com
910,Breena,Caccavella,bcaccavellap9@livejournal.com,Female,176.61.102.28,livejournal.com
911,Annice,Yanshinov,ayanshinovpa@engadget.com,Female,15.155.199.224,engadget.com
912,Carrol,Medling,cmedlingpb@last.fm,Male,69.238.248.24,last.fm
913,Eadith,Impy,eimpypc@smh.com.au,Female,159.44.28.120,smh.com.au
914,Fairlie,Kwiek,fkwiekpd@printfriendly.com,Male,252.80.227.28,printfriendly.com
915,Gretna,Bricket,gbricketpe@last.fm,Female,85.142.182.143,last.fm
916,Jessalyn,Acreman,jacremanpf@samsung.com,Female,96.18.42.44,samsung.com
917,Evangeline,Boltwood,eboltwoodpg@slashdot.org,Female,137.46.90.171,slashdot.org
918,Norton,Mackleden,nmackledenph@dailymotion.com,Male,146.241.109.26,dailymotion.com
919,Cosmo,Bowering,cboweringpi@businesswire.com,Male,85.152.82.220,businesswire.com
920,Benedetta,MacArdle,bmacardlepj@ibm.com,Female,109.183.109.247,ibm.com
921,Douglass,Alpine,dalpinepk@mapquest.com,Male,144.101.63.118,mapquest.com
922,Kevon,Beckley,kbeckleypl@blogtalkradio.com,Male,155.197.32.150,blogtalkradio.com
923,Paola,Booy,pbooypm@homestead.com,Female,57.198.46.179,homestead.com
924,Den,Toothill,dtoothillpn@washingtonpost.com,Male,223.218.120.193,washingtonpost.com
925,Tabby,Woodier,twoodierpo@ehow.com,Male,101.188.142.85,ehow.com
926,Jedediah,Belitz,jbelitzpp@hp.com,Male,2.115.41.24,hp.com
927,Miner,Lapish,mlapishpq@yelp.com,Male,208.117.247.154,yelp.com
928,Alanah,Marmon,amarmonpr@google.de,Female,245.68.208.22,google.de
929,Leigh,Wenderott,lwenderottps@upenn.edu,Male,143.64.122.97,upenn.edu
930,Ronald,Jodrellec,rjodrellecpt@biglobe.ne.jp,Male,155.107.10.92,biglobe.ne.jp
931,Regan,Cambell,rcambellpu@intel.com,Male,71.153.86.116,intel.com
932,Gerek,Bleue,gbleuepv@irs.gov,Male,237.229.30.175,irs.gov
933,Sandie,Coventry,scoventrypw@amazon.de,Female,155.239.191.39,amazon.de
934,Eda,Liggins,eligginspx@msu.edu,Female,236.193.126.231,msu.edu
935,Borden,Feld,bfeldpy@merriam-webster.com,Male,46.26.48.123,merriam-webster.com
936,Gregory,Lerway,glerwaypz@princeton.edu,Male,197.144.23.71,princeton.edu
937,Troy,Christaeas,tchristaeasq0@businesswire.com,Male,31.62.83.43,businesswire.com
938,Zelig,Muzzini,zmuzziniq1@paypal.com,Male,205.172.248.204,paypal.com
939,Victoria,Adger,vadgerq2@cafepress.com,Female,27.215.109.29,cafepress.com
940,Alic,Swatridge,aswatridgeq3@yandex.ru,Male,208.76.170.20,yandex.ru
941,Barde,Inchley,binchleyq4@ebay.co.uk,Male,181.22.104.103,ebay.co.uk
942,Dillon,Riccelli,driccelliq5@storify.com,Male,192.105.192.91,storify.com
943,Noland,Petty,npettyq6@jigsy.com,Male,219.52.235.107,jigsy.com
944,Leila,Struthers,lstruthersq7@t-online.de,Female,24.187.196.238,t-online.de
945,Eleni,Caddan,ecaddanq8@tinypic.com,Female,208.231.182.82,tinypic.com
946,Sharyl,Draude,sdraudeq9@timesonline.co.uk,Female,109.8.49.8,timesonline.co.uk
947,Natal,Salzen,nsalzenqa@tuttocitta.it,Male,40.54.213.207,tuttocitta.it
948,Shirley,Beckworth,sbeckworthqb@ameblo.jp,Female,162.203.70.75,ameblo.jp
949,Ludovika,Nyssens,lnyssensqc@facebook.com,Female,59.146.200.64,facebook.com
950,Kent,Szimoni,kszimoniqd@yahoo.co.jp,Male,168.55.143.45,yahoo.co.jp
951,Adan,Duberry,aduberryqe@sciencedirect.com,Male,194.134.226.2,sciencedirect.com
952,Bil,Perel,bperelqf@bravesites.com,Male,230.168.180.212,bravesites.com
953,Dennis,Robard,drobardqg@nba.com,Male,64.121.36.63,nba.com
954,Zaria,Buzzing,zbuzzingqh@networkadvertising.org,Female,10.38.234.97,networkadvertising.org
955,Avrit,Pirrie,apirrieqi@usda.gov,Female,244.190.156.153,usda.gov
956,Kyle,Piatti,kpiattiqj@taobao.com,Female,52.93.102.50,taobao.com
957,Ulrich,Chiese,uchieseqk@washingtonpost.com,Male,74.84.82.7,washingtonpost.com
958,Lizzie,Gilders,lgildersql@storify.com,Agender,196.91.97.23,storify.com
959,April,Atkyns,aatkynsqm@umich.edu,Female,132.207.6.15,umich.edu
960,Atlanta,Enser,aenserqn@twitpic.com,Genderfluid,141.247.240.77,twitpic.com
961,Bird,MacAloren,bmacalorenqo@1und1.de,Female,168.175.91.42,1und1.de
962,Demetri,Ritch,dritchqp@dot.gov,Male,66.150.56.207,dot.gov
963,Charmion,Coulthard,ccoulthardqq@g.co,Female,180.78.114.59,g.co
964,Jerrilee,Petrushkevich,jpetrushkevichqr@mtv.com,Female,211.1.30.229,mtv.com
965,Drake,Garriock,dgarriockqs@google.fr,Male,228.83.150.83,google.fr
966,Gibbie,Broomhall,gbroomhallqt@netlog.com,Male,44.38.183.176,netlog.com
967,Jamie,Edmonson,jedmonsonqu@goodreads.com,Female,36.191.123.162,goodreads.com
968,Dougie,Ganforth,dganforthqv@aol.com,Male,187.40.220.170,aol.com
969,Joellyn,Filyukov,jfilyukovqw@nih.gov,Female,130.175.192.202,nih.gov
970,Nataniel,Sheran,nsheranqx@fastcompany.com,Male,254.45.68.175,fastcompany.com
971,Alastair,Kensley,akensleyqy@sogou.com,Male,179.112.2.108,sogou.com
972,Josselyn,Wortman,jwortmanqz@upenn.edu,Female,247.212.179.8,upenn.edu
973,Agustin,Spurdens,aspurdensr0@apple.com,Male,60.99.178.59,apple.com
974,Thomasine,Pendrich,tpendrichr1@dailymotion.com,Genderqueer,175.199.197.138,dailymotion.com
975,Inness,Moynihan,imoynihanr2@twitpic.com,Male,228.203.20.69,twitpic.com
976,Eli,Roberto,erobertor3@princeton.edu,Male,55.229.196.134,princeton.edu
977,Lacey,Jacqueme,ljacquemer4@themeforest.net,Female,250.144.224.141,themeforest.net
978,Boothe,Delahunt,bdelahuntr5@apache.org,Male,212.190.210.160,apache.org
979,Hadley,MacAskill,hmacaskillr6@bloglovin.com,Male,11.174.0.197,bloglovin.com
980,Terri-jo,Gethins,tgethinsr7@networksolutions.com,Female,196.60.133.98,networksolutions.com
981,Pennie,Itzhaki,pitzhakir8@wiley.com,Female,186.15.175.207,wiley.com
982,Orton,Bleue,obleuer9@usa.gov,Male,254.62.81.71,usa.gov
983,Urban,Kerkham,ukerkhamra@patch.com,Male,240.171.37.254,patch.com
984,Claudina,Savery,csaveryrb@smh.com.au,Non-binary,135.123.30.141,smh.com.au
985,Lula,Almon,lalmonrc@nationalgeographic.com,Female,142.209.10.99,nationalgeographic.com
986,Aldwin,Gilberthorpe,agilberthorperd@ovh.net,Male,86.207.170.161,ovh.net
987,Claudell,Mishaw,cmishawre@virginia.edu,Male,130.216.35.76,virginia.edu
988,Krystal,Farney,kfarneyrf@irs.gov,Female,53.74.126.116,irs.gov
989,Suki,Ashbe,sashberg@scientificamerican.com,Female,47.153.122.2,scientificamerican.com
990,Francesca,Shorrock,fshorrockrh@creativecommons.org,Female,168.4.169.89,creativecommons.org
991,Boone,Gerrey,bgerreyri@amazon.de,Male,191.139.46.86,amazon.de
992,Chaunce,Askie,caskierj@fc2.com,Male,36.3.185.58,fc2.com
993,Chantalle,Mogra,cmogrark@etsy.com,Agender,7.157.7.35,etsy.com
994,Morganica,Pierton,mpiertonrl@epa.gov,Female,150.213.150.57,epa.gov
995,Ibbie,Appleby,iapplebyrm@alibaba.com,Genderqueer,236.77.139.163,alibaba.com
996,Zsa zsa,McGarahan,zmcgarahanrn@craigslist.org,Female,208.135.43.154,craigslist.org
997,Al,Villiers,avilliersro@nydailynews.com,Agender,168.3.4.142,nydailynews.com
998,Natalina,Clavering,nclaveringrp@jugem.jp,Female,16.223.145.44,jugem.jp
999,Gretta,Witheford,gwithefordrq@discovery.com,Female,61.83.241.246,discovery.com
1000,Tadio,Feighney,tfeighneyrr@google.es,Male,154.243.103.8,google.es
